intersect_bp,f_orig_query,f_match,f_unique_to_query,f_unique_weighted,average_abund,median_abund,std_abund,name,filename,md5,f_match_orig,unique_intersect_bp,gather_result_rank,remaining_bp,query_filename,query_name,query_md5,query_bp
3724000,0.005923154859325072,0.5736290819470117,0.005923154859325072,0.005923154859325072,,,,"GCF_001314995.1 Bacteroides ovatus strain=ATCC 8483, ASM131499v1",/mnt/HDD/kia/HMP_reference/gtdb-rs207.genomic-reps.dna.k31.zip,514bdd6aa640f40cc6414be0e11ec2f6,0.5736290819470117,3724000,0,146448000,,SRS054956.tar.bz2,a6e7380d,628719000
3367000,0.005355333622810827,0.7986242884250474,0.005355333622810827,0.005355333622810827,,,,"GCF_900537995.1 Roseburia intestinalis L1-82 strain=L1-82, Roseburia intestinalis strain L1-82",/mnt/HDD/kia/HMP_reference/gtdb-rs207.genomic-reps.dna.k31.zip,e869cf0b15c41500b90acfad5f73aa6d,0.7986242884250474,3367000,1,143081000,,SRS054956.tar.bz2,a6e7380d,628719000
3021000,0.004805008278738196,0.8323204419889503,0.004792283993326112,0.004792283993326112,,,,"GCF_005121165.2 Dysosmobacter welbionis strain=J115, ASM512116v2",/mnt/HDD/kia/HMP_reference/gtdb-rs207.genomic-reps.dna.k31.zip,74059216b7cd65a7ff314267c1b83b8e,0.8345303867403315,3013000,2,140068000,,SRS054956.tar.bz2,a6e7380d,628719000
2937000,0.004671403281911315,0.634527687296417,0.004647545246763658,0.004647545246763658,,,,"GCF_000154205.1 Bacteroides uniformis ATCC 8492 strain=ATCC 8492, ASM15420v1",/mnt/HDD/kia/HMP_reference/gtdb-rs207.genomic-reps.dna.k31.zip,2e2ee99950af50be6093dcb7d1a24282,0.637785016286645,2922000,3,137146000,,SRS054956.tar.bz2,a6e7380d,628719000
2923000,0.004649135782440168,0.7402024396574098,0.004536207749407923,0.004536207749407923,,,,"GCF_000239295.1 Flavonifractor plautii ATCC 29863 strain=ATCC 29863, ASM23929v1",/mnt/HDD/kia/HMP_reference/gtdb-rs207.genomic-reps.dna.k31.zip,2de6b86d95365c349243cb609e5c2a62,0.758629639242149,2852000,4,134294000,,SRS054956.tar.bz2,a6e7380d,628719000
2432000,0.0038681827652735164,0.6719488462607729,0.003844324730125859,0.003844324730125859,,,,"GCF_000265365.1 Alistipes finegoldii DSM 17242 strain=DSM 17242, ASM26536v1",/mnt/HDD/kia/HMP_reference/gtdb-rs207.genomic-reps.dna.k31.zip,79a393fb99d8977a1fe96a36cabdd09c,0.6761189880455936,2417000,5,131877000,,SRS054956.tar.bz2,a6e7380d,628719000
2366000,0.003763207410623824,0.5984516129032258,0.003688452233827831,0.003688452233827831,,,,"GCF_003473545.1 Clostridium sp. AM22-11AC strain=AM22-11AC, ASM347354v1",/mnt/HDD/kia/HMP_reference/gtdb-rs207.genomic-reps.dna.k31.zip,873a8b7cc5e0a6e07152a8bfd5c774b1,0.6105806451612903,2319000,6,129558000,,SRS054956.tar.bz2,a6e7380d,628719000
2340000,0.0037218534830345514,0.6666666666666666,0.0035468945586183973,0.0035468945586183973,,,,"GCF_001406815.1 Roseburia faecis strain=M72, M72",/mnt/HDD/kia/HMP_reference/gtdb-rs207.genomic-reps.dna.k31.zip,2761b9bfb8ee41b7d2e36ef75953884e,0.6995515695067265,2230000,7,127328000,,SRS054956.tar.bz2,a6e7380d,628719000
2304000,0.0036645941986801736,0.6787469287469288,0.0035150838450881874,0.0035150838450881874,,,,"GCF_003478335.1 Clostridium sp. AM49-4BH strain=AM49-4BH, ASM347833v1",/mnt/HDD/kia/HMP_reference/gtdb-rs207.genomic-reps.dna.k31.zip,475be866757b5ae72a1570438ae17b63,0.7076167076167076,2210000,8,125118000,,SRS054956.tar.bz2,a6e7380d,628719000
2300000,0.0036582320559741316,0.5366277626024336,0.003437147596939173,0.003437147596939173,,,,"GCA_003584705.1 Lachnospiraceae bacterium GAM79 strain=GAM79, ASM358470v1",/mnt/HDD/kia/HMP_reference/gtdb-rs207.genomic-reps.dna.k31.zip,e70cebeab558f667b40dfb9cb7c5e9f2,0.57114477278371,2161000,9,122957000,,SRS054956.tar.bz2,a6e7380d,628719000
2220000,0.0035309892018532923,0.6381954887218045,0.003375116705555264,0.003375116705555264,,,,"GCA_000155875.1 Coprococcus comes ATCC 27758 strain=ATCC 27758, ASM15587v1",/mnt/HDD/kia/HMP_reference/gtdb-rs207.genomic-reps.dna.k31.zip,9b5d1832f89231bd6e1acd3ea134caea,0.6676691729323309,2122000,10,120835000,,SRS054956.tar.bz2,a6e7380d,628719000
2168000,0.0034482813466747467,0.6185383244206774,0.003311495278494844,0.003311495278494844,,,,"GCF_003324125.1 Subdoligranulum sp. APC924/74 strain=APC924/74, ASM332412v1",/mnt/HDD/kia/HMP_reference/gtdb-rs207.genomic-reps.dna.k31.zip,d9573861619433ac8c804b0d52209be0,0.6440879382055853,2082000,11,118753000,,SRS054956.tar.bz2,a6e7380d,628719000
2089000,0.0033226290282304177,0.6716968477531858,0.0031858429600505156,0.0031858429600505156,,,,"GCF_009680455.1 Lachnospira eligens strain=BIOML-A1, ASM968045v1",/mnt/HDD/kia/HMP_reference/gtdb-rs207.genomic-reps.dna.k31.zip,202b4a96ab763ae8b9d9aa34459e999a,0.7005365526492288,2003000,12,116750000,,SRS054956.tar.bz2,a6e7380d,628719000
1969000,0.0031317647470491586,0.7513430544896393,0.0031142688546075435,0.0031142688546075435,,,,"GCA_000436475.1 Eubacterium sp. CAG:248, MGS248",/mnt/HDD/kia/HMP_reference/gtdb-rs207.genomic-reps.dna.k31.zip,7210cf649ef9f8e195811dbdfaede100,0.7555640828856485,1958000,13,114792000,,SRS054956.tar.bz2,a6e7380d,628719000
1996000,0.003174709210314942,0.6213779781068899,0.0030697338556652494,0.0030697338556652494,,,,"GCF_003324185.1 Faecalibacterium prausnitzii strain=ATCC 27768, ASM332418v1",/mnt/HDD/kia/HMP_reference/gtdb-rs207.genomic-reps.dna.k31.zip,b7fbb7c245964c8787ceff9b2ee964a0,0.6426271732131359,1930000,14,112862000,,SRS054956.tar.bz2,a6e7380d,628719000
2012000,0.00320015778113911,0.5300772626931567,0.003055419034576655,0.003055419034576655,,,,"GCF_008121495.1 [Ruminococcus] gnavus ATCC 29149 strain=JCM6515, ASM812149v1",/mnt/HDD/kia/HMP_reference/gtdb-rs207.genomic-reps.dna.k31.zip,4f9f7653a293be189ac633bff28f9766,0.5551876379690949,1921000,15,110941000,,SRS054956.tar.bz2,a6e7380d,628719000
2095000,0.0033321722422894806,0.51875,0.0030363326064585293,0.0030363326064585293,,,,"GCF_003435375.1 Clostridium sp. AM34-11AC strain=AM34-11AC, ASM343537v1",/mnt/HDD/kia/HMP_reference/gtdb-rs207.genomic-reps.dna.k31.zip,c2d8b6207a026871224ccd15d94fc35d,0.5692934782608695,1909000,16,109032000,,SRS054956.tar.bz2,a6e7380d,628719000
2142000,0.003406927419085474,0.45088845014807505,0.002905908680984669,0.002905908680984669,,,,"GCF_000174195.1 Roseburia inulinivorans DSM 16841 strain=DSM 16841, ASM17419v1",/mnt/HDD/kia/HMP_reference/gtdb-rs207.genomic-reps.dna.k31.zip,2297ea50ecdd1c8050ea75a720bbf9de,0.5286278381046396,1827000,17,107205000,,SRS054956.tar.bz2,a6e7380d,628719000
1924000,0.0030601906416061865,0.5099245177523064,0.0029011370739551374,0.0029011370739551374,,,,"GCF_000153905.1 Blautia obeum ATCC 29174 strain=ATCC 29174, ASM15390v1",/mnt/HDD/kia/HMP_reference/gtdb-rs207.genomic-reps.dna.k31.zip,5375a181d0fc4f87e94bdda701d7df77,0.5378809057869723,1824000,18,105381000,,SRS054956.tar.bz2,a6e7380d,628719000
1822000,0.0028979560026021166,0.37100386886581144,0.0028979560026021166,0.0028979560026021166,,,,"GCF_003697165.2 Escherichia coli DSM 30083 = JCM 1649 = ATCC 11775 strain=ATCC 11775, ASM369716v2",/mnt/HDD/kia/HMP_reference/gtdb-rs207.genomic-reps.dna.k31.zip,60bfe150353edefcbd7db7314951359d,0.37100386886581144,1822000,19,103559000,,SRS054956.tar.bz2,a6e7380d,628719000
1804000,0.0028693263604249275,0.7321428571428571,0.0028693263604249275,0.0028693263604249275,,,,"GCF_000297775.1 Sutterella wadsworthensis 2_1_59BFAA strain=2_1_59BFAA, Sutt_wads_2_1_59BFAA_V1",/mnt/HDD/kia/HMP_reference/gtdb-rs207.genomic-reps.dna.k31.zip,8de6a56dece2b0b235d66a08de9380be,0.7321428571428571,1804000,20,101755000,,SRS054956.tar.bz2,a6e7380d,628719000
1769000,0.0028136576117470604,0.6104972375690608,0.0028120670760705497,0.0028120670760705497,,,,"GCF_900106845.1 Romboutsia timonensis strain=Marseille-P326, PRJEB14233",/mnt/HDD/kia/HMP_reference/gtdb-rs207.genomic-reps.dna.k31.zip,68febb7358a4837cbde8eb55523b5d94,0.6108425414364641,1768000,21,99987000,,SRS054956.tar.bz2,a6e7380d,628719000
1908000,0.0030347420707820187,0.5298372513562387,0.0027961617193054448,0.0027961617193054448,,,,"GCA_000020605.1 [Eubacterium] rectale ATCC 33656 strain=ATCC 33656, ASM2060v1",/mnt/HDD/kia/HMP_reference/gtdb-rs207.genomic-reps.dna.k31.zip,c7f0f63b1e20051e05be14074e3f6057,0.5750452079566004,1758000,22,98229000,,SRS054956.tar.bz2,a6e7380d,628719000
1702000,0.0027070917214208575,0.7591436217662801,0.0027070917214208575,0.0027070917214208575,,,,"GCF_902810435.1 Veillonella parvula strain=SKV38, SKV38",/mnt/HDD/kia/HMP_reference/gtdb-rs207.genomic-reps.dna.k31.zip,92fffacc05525a8c6779bf5455282783,0.7591436217662801,1702000,23,96527000,,SRS054956.tar.bz2,a6e7380d,628719000
1891000,0.0030077029642813402,0.551094890510949,0.002641879758683927,0.002641879758683927,,,,"GCF_002549755.1 Faecalibacterium prausnitzii strain=CNCM I 4540, ASM254975v1",/mnt/HDD/kia/HMP_reference/gtdb-rs207.genomic-reps.dna.k31.zip,9f5890741060df846f969ca37dad153b,0.6274054412740544,1661000,24,94866000,,SRS054956.tar.bz2,a6e7380d,628719000
1773000,0.0028200197544531024,0.4284947679098471,0.0025400854753872557,0.0025400854753872557,,,,"GCF_000374505.1 Alistipes onderdonkii WAL 8169 = DSM 19147 strain=DSM 19147, ASM37450v1",/mnt/HDD/kia/HMP_reference/gtdb-rs207.genomic-reps.dna.k31.zip,73b1fac0a2937ddee8501416d411f874,0.4757177354440569,1597000,25,93269000,,SRS054956.tar.bz2,a6e7380d,628719000
1851000,0.002944081537220921,0.579890310786106,0.00252258958294564,0.00252258958294564,,,,"GCF_003293635.1 Faecalibacterium prausnitzii strain=942/30-2, ASM329363v1",/mnt/HDD/kia/HMP_reference/gtdb-rs207.genomic-reps.dna.k31.zip,35aa97e0127f24ba3813815f3d766914,0.676782449725777,1586000,26,91683000,,SRS054956.tar.bz2,a6e7380d,628719000
1743000,0.0027723036841577875,0.50368,0.0025035031548275143,0.0025035031548275143,,,,"GCF_900167555.1 Gemmiger formicilis strain=ATCC 27749, IMG-taxon 2590828806 annotated assembly",/mnt/HDD/kia/HMP_reference/gtdb-rs207.genomic-reps.dna.k31.zip,d4fd080d293594c8d9ae0a347ac64fa4,0.55776,1574000,27,90109000,,SRS054956.tar.bz2,a6e7380d,628719000
1584000,0.0025194085115926193,0.39022517911975435,0.0024255669066785,0.0024255669066785,,,,"GCA_003112755.1 Lawsonibacter asaccharolyticus strain=3BBH22, ASM311275v1",/mnt/HDD/kia/HMP_reference/gtdb-rs207.genomic-reps.dna.k31.zip,7e6d64aeed16ed31733900b0e7434256,0.4053224155578301,1525000,28,88584000,,SRS054956.tar.bz2,a6e7380d,628719000
1768000,0.0028120670760705497,0.33260297984224363,0.0024144331569429267,0.0024144331569429267,,,,"GCF_016908695.1 Blautia faecis strain=DSM 27629, ASM1690869v1",/mnt/HDD/kia/HMP_reference/gtdb-rs207.genomic-reps.dna.k31.zip,04b3b4ee0a9870a4d42fa37525dc0d89,0.3873794916739702,1518000,29,87066000,,SRS054956.tar.bz2,a6e7380d,628719000
1621000,0.0025782583316235077,0.4880103694102398,0.002395346728824801,0.002395346728824801,,,,"GCA_008681155.1 Firmicutes bacterium, ASM868115v1",/mnt/HDD/kia/HMP_reference/gtdb-rs207.genomic-reps.dna.k31.zip,3d5c8fe34976ba78c9986a952b606fa8,0.5252754374594945,1506000,30,85560000,,SRS054956.tar.bz2,a6e7380d,628719000
1679000,0.002670509400861116,0.4176536943034405,0.0023555833369120387,0.0023555833369120387,,,,"GCA_003481005.1 Firmicutes bacterium TM09-10 strain=TM09-10, ASM348100v1",/mnt/HDD/kia/HMP_reference/gtdb-rs207.genomic-reps.dna.k31.zip,b8d3f514d7d818938cf2ce27cdd0353c,0.47349125775521717,1481000,31,84079000,,SRS054956.tar.bz2,a6e7380d,628719000
1507000,0.0023969372645013115,0.5498511904761905,0.0023508117298825073,0.0023508117298825073,,,,"GCA_001304995.1 Clostridia bacterium UC5.1-1D10 strain=UC5.1-1D10, ASM130499v1",/mnt/HDD/kia/HMP_reference/gtdb-rs207.genomic-reps.dna.k31.zip,701560a8ce5440574e26a57fdaf6b74f,0.5606398809523809,1478000,32,82601000,,SRS054956.tar.bz2,a6e7380d,628719000
1438000,0.0022871903028220874,0.5431818181818182,0.0022808281601160454,0.0022808281601160454,,,,"GCA_019112765.1 Candidatus Mediterraneibacter norwichensis, ASM1911276v1",/mnt/HDD/kia/HMP_reference/gtdb-rs207.genomic-reps.dna.k31.zip,86e720a766b38a3a09ad1c814124a2b7,0.5446969696969697,1434000,33,81167000,,SRS054956.tar.bz2,a6e7380d,628719000
1466000,0.002331725301764381,0.5182215743440233,0.0022617417319979196,0.0022617417319979196,,,,"GCA_014385265.1 Lachnospiraceae bacterium BX10 strain=BX10, ASM1438526v1",/mnt/HDD/kia/HMP_reference/gtdb-rs207.genomic-reps.dna.k31.zip,c9c1c7fdc790bba45b29bd72ac80bedc,0.5342565597667639,1422000,34,79745000,,SRS054956.tar.bz2,a6e7380d,628719000
1684000,0.0026784620792436684,0.5417304747320061,0.002250607982262346,0.002250607982262346,,,,"GCF_003287495.1 Faecalibacterium prausnitzii strain=APC923/61-1, ASM328749v1",/mnt/HDD/kia/HMP_reference/gtdb-rs207.genomic-reps.dna.k31.zip,5738d7e42dd0c6cc15d94495876c467c,0.6447166921898928,1415000,35,78330000,,SRS054956.tar.bz2,a6e7380d,628719000
1595000,0.002536904404034235,0.4120603015075377,0.002217206733055626,0.002217206733055626,,,,"GCA_003573975.1 Clostridiales bacterium CCNA10 strain=CCNA10, ASM357397v1",/mnt/HDD/kia/HMP_reference/gtdb-rs207.genomic-reps.dna.k31.zip,ba9c097781d61e9512f594f3c5dee5f9,0.4714750221696719,1394000,36,76936000,,SRS054956.tar.bz2,a6e7380d,628719000
1632000,0.002595754224065123,0.3107126645483432,0.0021774433411428634,0.0021774433411428634,,,,"GCF_000484655.1 Blautia wexlerae DSM 19850 strain=DSM 19850, ASM48465v1",/mnt/HDD/kia/HMP_reference/gtdb-rs207.genomic-reps.dna.k31.zip,2005a0e89db6e8104554831b1afa0a5b,0.3704039945528824,1369000,37,75567000,,SRS054956.tar.bz2,a6e7380d,628719000
1277000,0.0020311140589038983,0.548051948051948,0.0020136181664622828,0.0020136181664622828,,,,"GCF_016901815.1 Hydrogenoanaerobacterium saccharovorans strain=An564, ASM1690181v1",/mnt/HDD/kia/HMP_reference/gtdb-rs207.genomic-reps.dna.k31.zip,b32019b1c9d7fb6e841f596519f25a48,0.5528138528138529,1266000,38,74301000,,SRS054956.tar.bz2,a6e7380d,628719000
1766000,0.002808886004717529,0.3954516740366393,0.0019913506669911357,0.0019913506669911357,,,,"GCF_010509575.1 Faecalibacterium prausnitzii A2-165 strain=JCM 31915, ASM1050957v1",/mnt/HDD/kia/HMP_reference/gtdb-rs207.genomic-reps.dna.k31.zip,1536305f1db2c6485876fc17c9a7e45f,0.5578016424510424,1252000,39,73049000,,SRS054956.tar.bz2,a6e7380d,628719000
1226000,0.0019499967394018632,0.6542155816435432,0.0019499967394018632,0.0019499967394018632,,,,"GCF_001815355.1 Haemophilus sp. HMSC068C11 strain=HMSC068C11, ASM181535v1",/mnt/HDD/kia/HMP_reference/gtdb-rs207.genomic-reps.dna.k31.zip,40a25a9955f9111a4e8de9351d72a7e8,0.6542155816435432,1226000,40,71823000,,SRS054956.tar.bz2,a6e7380d,628719000
1294000,0.002058153165404577,0.50351966873706,0.0019340913826367582,0.0019340913826367582,,,,"GCF_002834235.1 Ruminococcus bromii strain=5AMG, ASM283423v1",/mnt/HDD/kia/HMP_reference/gtdb-rs207.genomic-reps.dna.k31.zip,0c27e38f5990e49c33434011e5c9e03c,0.5358178053830228,1216000,41,70607000,,SRS054956.tar.bz2,a6e7380d,628719000
1432000,0.0022776470887630245,0.3353658536585366,0.0019245481685776953,0.0019245481685776953,,,,"GCF_014297285.1 Dysosmobacter sp. BX15 strain=BX15, ASM1429728v1",/mnt/HDD/kia/HMP_reference/gtdb-rs207.genomic-reps.dna.k31.zip,48227f0b50ffcdb8b37511d627bd1277,0.3968957871396896,1210000,42,69397000,,SRS054956.tar.bz2,a6e7380d,628719000
1269000,0.002018389773491814,0.3940903054448871,0.001887965848017954,0.001887965848017954,,,,"GCA_001305115.1 Clostridia bacterium UC5.1-1E11 strain=UC5.1-1E11, ASM130511v1",/mnt/HDD/kia/HMP_reference/gtdb-rs207.genomic-reps.dna.k31.zip,b714e0367f031e0d0ef62b006b3a9541,0.4213147410358566,1187000,43,68210000,,SRS054956.tar.bz2,a6e7380d,628719000
1292000,0.0020549720940515556,0.39752832131822863,0.0018418403133991497,0.0018418403133991497,,,,"GCA_902362775.1 Clostridiales bacterium, MGYG-HGUT-00059",/mnt/HDD/kia/HMP_reference/gtdb-rs207.genomic-reps.dna.k31.zip,a1a3cd0a2b478c1c87a2438a40c3f95f,0.44352900789564026,1158000,44,67052000,,SRS054956.tar.bz2,a6e7380d,628719000
1163000,0.0018497929917817022,0.5059184568171854,0.0018354781706931076,0.0018354781706931076,,,,"GCF_000242435.1 Dialister succinatiphilus YIT 11850 strain=YIT 11850, Dial_succ_YIT_11850_V1",/mnt/HDD/kia/HMP_reference/gtdb-rs207.genomic-reps.dna.k31.zip,bf8e59c496ed21d6a49e66972c1e615d,0.509864094695309,1154000,45,65898000,,SRS054956.tar.bz2,a6e7380d,628719000
1383000,0.0021997108406140104,0.32525366403607664,0.0018354781706931076,0.0018354781706931076,,,,"GCF_015557635.1 Fusicatenibacter saccharivorans strain=D41t1_190614_C8, ASM1555763v1",/mnt/HDD/kia/HMP_reference/gtdb-rs207.genomic-reps.dna.k31.zip,7e75980e185a634bb1b9c7535e692c2d,0.3897970687711387,1154000,46,64744000,,SRS054956.tar.bz2,a6e7380d,628719000
1374000,0.002185396019525416,0.3407720144752714,0.0017973053144568559,0.0017973053144568559,,,,"GCA_003480725.1 Clostridiaceae bacterium AM27-36LB strain=AM27-36LB, ASM348072v1",/mnt/HDD/kia/HMP_reference/gtdb-rs207.genomic-reps.dna.k31.zip,fc95d81881dbf484815547131bbb9759,0.4143546441495778,1130000,47,63614000,,SRS054956.tar.bz2,a6e7380d,628719000
1208000,0.0019213670972246743,0.3697450034458994,0.0017066447808957578,0.0017066447808957578,,,,"GCF_003479405.1 Eubacterium sp. AF16-48 strain=AF16-48, ASM347940v1",/mnt/HDD/kia/HMP_reference/gtdb-rs207.genomic-reps.dna.k31.zip,9103dfd87f884165a7d7518c6e293493,0.4162646450723639,1073000,48,62541000,,SRS054956.tar.bz2,a6e7380d,628719000
1070000,0.0017018731738662263,0.5102821616451458,0.0016971015668366949,0.0016971015668366949,,,,"GCF_016648925.1 Streptococcus parasanguinis strain=1.1, ASM1664892v1",/mnt/HDD/kia/HMP_reference/gtdb-rs207.genomic-reps.dna.k31.zip,e58623ed5f51355298bb790ee7073caa,0.5117168818747011,1067000,49,61474000,,SRS054956.tar.bz2,a6e7380d,628719000
1375000,0.0021869865552019267,0.3371224423514128,0.0016509760322178906,0.0016509760322178906,,,,"GCF_000169235.1 Dorea formicigenerans ATCC 27755 strain=ATCC 27755, ASM16923v1",/mnt/HDD/kia/HMP_reference/gtdb-rs207.genomic-reps.dna.k31.zip,be2531d0d77af67f6cd74ee9d312f080,0.4465735628450796,1038000,50,60436000,,SRS054956.tar.bz2,a6e7380d,628719000
1304000,0.0020740585221696813,0.2892632781267847,0.0016112126403051285,0.0016112126403051285,,,,"GCF_000225345.1 Roseburia hominis A2-183 strain=A2-183, ASM22534v1",/mnt/HDD/kia/HMP_reference/gtdb-rs207.genomic-reps.dna.k31.zip,2c4be6d3f461c9f71df87a5d7ae22e2f,0.3723586521987436,1013000,51,59423000,,SRS054956.tar.bz2,a6e7380d,628719000
1242000,0.001975445310226031,0.2911431198283788,0.0015110088926849673,0.0015110088926849673,,,,"GCF_003024715.1 Lachnoclostridium sp. SNUG30386 strain=SNUG30386, ASM302471v1",/mnt/HDD/kia/HMP_reference/gtdb-rs207.genomic-reps.dna.k31.zip,05fdfb341baa3ac1ba3aa5b66467573e,0.3806313208703647,950000,52,58473000,,SRS054956.tar.bz2,a6e7380d,628719000
1067000,0.0016971015668366949,0.29182041820418203,0.0015094183570084569,0.0015094183570084569,,,,"GCF_013302405.1 Blautia caecimuris strain=MSK.19.25, ASM1330240v1",/mnt/HDD/kia/HMP_reference/gtdb-rs207.genomic-reps.dna.k31.zip,8208804385e26227fd39890c90c4756e,0.3281057810578106,949000,53,57524000,,SRS054956.tar.bz2,a6e7380d,628719000
930000,0.0014791981791547576,0.43582510578279265,0.0014744265721252261,0.0014744265721252261,,,,"GCF_009696325.1 Collinsella sp. WCA1-178-WT-3 (M1) strain=WCA1-178-WT-3 (M1), ASM969632v1",/mnt/HDD/kia/HMP_reference/gtdb-rs207.genomic-reps.dna.k31.zip,8d5449685c3fe8d72bfbfdfa683e7170,0.43723554301833567,927000,54,56597000,,SRS054956.tar.bz2,a6e7380d,628719000
987000,0.0015698587127158557,0.3274432023079697,0.0014442063942715266,0.0014442063942715266,,,,"GCA_902363805.1 Eubacteriaceae bacterium, MGYG-HGUT-00139",/mnt/HDD/kia/HMP_reference/gtdb-rs207.genomic-reps.dna.k31.zip,8751fcd18c7374789d7ab3f8565f4701,0.3559322033898305,908000,55,55689000,,SRS054956.tar.bz2,a6e7380d,628719000
870000,0.001383766038564128,0.45703544575725025,0.0013535458607104288,0.0013535458607104288,,,,"GCA_900542375.1 uncultured Ruminococcaceae bacterium, UMGS454",/mnt/HDD/kia/HMP_reference/gtdb-rs207.genomic-reps.dna.k31.zip,fed98fe06f36d89d113198957fefae2c,0.4672395273899033,851000,56,54838000,,SRS054956.tar.bz2,a6e7380d,628719000
853000,0.0013567269320634496,0.32945285215366704,0.0013503647893574077,0.0013503647893574077,,,,"GCF_001543345.1 Turicibacter sp. H121 strain=H121, ASM154334v1",/mnt/HDD/kia/HMP_reference/gtdb-rs207.genomic-reps.dna.k31.zip,b55bdb71ce6be047993faff80bc579a4,0.33100504462553354,849000,57,53989000,,SRS054956.tar.bz2,a6e7380d,628719000
971000,0.0015444101418916876,0.25305878842136675,0.001348774253680897,0.001348774253680897,,,,"GCF_001517625.2 Clostridium sp. AT4 strain=AT5, Clostridium bouchedurhonense",/mnt/HDD/kia/HMP_reference/gtdb-rs207.genomic-reps.dna.k31.zip,fc9dd651768c64db338b7a7b51da8c0f,0.28976424947776785,848000,58,53141000,,SRS054956.tar.bz2,a6e7380d,628719000
823000,0.001309010861768135,0.3771323190410327,0.0013010581833855824,0.0013010581833855824,,,,"GCA_018369915.1 Clostridiales bacterium, ASM1836991v1",/mnt/HDD/kia/HMP_reference/gtdb-rs207.genomic-reps.dna.k31.zip,f245a6dad741c2697ecdaab0bed77112,0.37943752881512216,818000,59,52323000,,SRS054956.tar.bz2,a6e7380d,628719000
1037000,0.0016493854965413802,0.2457678355501814,0.00129310550500303,0.00129310550500303,,,,"GCA_018228645.1 Clostridiaceae bacterium Marseille-Q4143 strain=Marseille-Q4143, ASM1822864v1",/mnt/HDD/kia/HMP_reference/gtdb-rs207.genomic-reps.dna.k31.zip,734d3c18fdd70831e0f3f353c0419644,0.3134824667472793,813000,60,51510000,,SRS054956.tar.bz2,a6e7380d,628719000
816000,0.0012978771120325614,0.5433176628609805,0.001286743362296988,0.001286743362296988,,,,"GCA_002305795.1 Ruminococcaceae bacterium UBA1375, ASM230579v1",/mnt/HDD/kia/HMP_reference/gtdb-rs207.genomic-reps.dna.k31.zip,ec0574e2f750595f4e72c013e8945cc5,0.5480188045668234,809000,61,50701000,,SRS054956.tar.bz2,a6e7380d,628719000
789000,0.0012549326487667782,0.3795093795093795,0.0012549326487667782,0.0012549326487667782,,,,"GCA_902406135.1 uncultured Clostridiales bacterium, UHGG_MGYG-HGUT-04273",/mnt/HDD/kia/HMP_reference/gtdb-rs207.genomic-reps.dna.k31.zip,76eaf335e5a23b5541fafc1a820fc80c,0.3795093795093795,789000,62,49912000,,SRS054956.tar.bz2,a6e7380d,628719000
1126000,0.001790943171750814,0.2353836784409257,0.0012294840779426104,0.0012294840779426104,,,,"GCA_001312505.1 [Ruminococcus] faecis JCM 15917 strain=JCM 15917, ASM131250v1",/mnt/HDD/kia/HMP_reference/gtdb-rs207.genomic-reps.dna.k31.zip,c9db8a0f1ca1dc314b40e6758f8144cd,0.34287454323995126,773000,63,49139000,,SRS054956.tar.bz2,a6e7380d,628719000
1147000,0.0018243444209575343,0.32969531605275126,0.0011531383654701066,0.0011531383654701066,,,,"GCF_000191405.1 Haemophilus parainfluenzae ATCC 33392 strain=ATCC 33392, ASM19140v1",/mnt/HDD/kia/HMP_reference/gtdb-rs207.genomic-reps.dna.k31.zip,fbfb9299b266913d2d2b6175ee509a88,0.5216007276034561,725000,64,48414000,,SRS054956.tar.bz2,a6e7380d,628719000
732000,0.0011642721152056801,0.2459478505990134,0.0011101939022043234,0.0011101939022043234,,,,"GCF_003024685.1 Faecalibacillus intestinalis strain=SNUG30099, ASM302468v1",/mnt/HDD/kia/HMP_reference/gtdb-rs207.genomic-reps.dna.k31.zip,626721b74388407d32907567679c1ac3,0.25792811839323465,698000,65,47716000,,SRS054956.tar.bz2,a6e7380d,628719000
2410000,0.0038331909803902857,0.1024840101145322,0.001095879081115729,0.001095879081115729,,,,"GCF_014334015.1 Bacteroides sp. M10 strain=M10, ASM1433401v1",/mnt/HDD/kia/HMP_reference/gtdb-rs207.genomic-reps.dna.k31.zip,32a90d9faa0865b9d4716569d60e47de,0.3584709207199167,689000,66,47027000,,SRS054956.tar.bz2,a6e7380d,628719000
939000,0.001493513000243352,0.19347581552305962,0.0010942885454392184,0.0010942885454392184,,,,"GCA_018374635.1 Clostridiales bacterium, ASM1837463v1",/mnt/HDD/kia/HMP_reference/gtdb-rs207.genomic-reps.dna.k31.zip,4c5b9c5fc61302d55e1ab631a887b803,0.2640607424071991,688000,67,46339000,,SRS054956.tar.bz2,a6e7380d,628719000
727000,0.0011563194368231276,0.22606120434353405,0.001092698009762708,0.001092698009762708,,,,"GCA_000154345.1 [Clostridium] leptum DSM 753 strain=DSM 753, ASM15434v1",/mnt/HDD/kia/HMP_reference/gtdb-rs207.genomic-reps.dna.k31.zip,655feb99de6d4affd517d5ed2f459c94,0.23922342875946034,687000,68,45652000,,SRS054956.tar.bz2,a6e7380d,628719000
1639000,0.0026068879738006963,0.15047446904654316,0.0010592967605559877,0.0010592967605559877,,,,"GCA_900754605.1 uncultured Oscillospiraceae bacterium, ERS396504_64",/mnt/HDD/kia/HMP_reference/gtdb-rs207.genomic-reps.dna.k31.zip,ae30325ad1f80739f2df51f6086d0d7b,0.37031179394487124,666000,69,44986000,,SRS054956.tar.bz2,a6e7380d,628719000
833000,0.0013249162185332399,0.23315696649029982,0.0010513440821734352,0.0010513440821734352,,,,"GCF_000154065.1 Dorea longicatena DSM 13814 strain=DSM 13814, ASM15406v1",/mnt/HDD/kia/HMP_reference/gtdb-rs207.genomic-reps.dna.k31.zip,31dd0f61db4c8fd9d6f8e492ec78430d,0.2938271604938272,661000,70,44325000,,SRS054956.tar.bz2,a6e7380d,628719000
939000,0.001493513000243352,0.1780673181324647,0.0010433914037908827,0.0010433914037908827,,,,"GCF_001487165.1 Blautia massiliensis strain=GD9, Blautia massiliensis1",/mnt/HDD/kia/HMP_reference/gtdb-rs207.genomic-reps.dna.k31.zip,f9be5cc1d2e4e2f448a63153f292a0b5,0.254885993485342,656000,71,43669000,,SRS054956.tar.bz2,a6e7380d,628719000
718000,0.0011420046157345333,0.24761904761904763,0.0010338481897318199,0.0010338481897318199,,,,"GCF_000332875.2 Anaerostipes hadrus DSM 3319 strain=DSM 3319, ASM33287v2",/mnt/HDD/kia/HMP_reference/gtdb-rs207.genomic-reps.dna.k31.zip,2c2da677fd5b8692dc1d79d02bf6b4ea,0.2735238095238095,650000,72,43019000,,SRS054956.tar.bz2,a6e7380d,628719000
1000000,0.001590535676510492,0.28791308284291534,0.0010115806902606728,0.0010115806902606728,,,,"GCA_900758465.1 uncultured Faecalibacterium sp., ERS608519_39",/mnt/HDD/kia/HMP_reference/gtdb-rs207.genomic-reps.dna.k31.zip,1de7784bf3a7af697c5807a4c8cf3cf6,0.4526935264825713,636000,73,42383000,,SRS054956.tar.bz2,a6e7380d,628719000
655000,0.0010418008681143723,0.1725,0.0009877226551130156,0.0009877226551130156,,,,"GCF_000327285.1 Holdemania massiliensis AP2 strain=AP2, ASM32728v1",/mnt/HDD/kia/HMP_reference/gtdb-rs207.genomic-reps.dna.k31.zip,d8f4b1972268c610dcfc696b6c303ef4,0.18194444444444444,621000,74,41762000,,SRS054956.tar.bz2,a6e7380d,628719000
608000,0.0009670456913183791,0.26522506619594,0.0009559119415828057,0.0009559119415828057,,,,"GCF_000154805.1 [Clostridium] spiroforme DSM 1552 strain=DSM 1552, ASM15480v1",/mnt/HDD/kia/HMP_reference/gtdb-rs207.genomic-reps.dna.k31.zip,7fecac6d57a50849d79607b435f2fa77,0.26831421006178285,601000,75,41161000,,SRS054956.tar.bz2,a6e7380d,628719000
707000,0.0011245087232929177,0.16550764951321278,0.0009463687275237427,0.0009463687275237427,,,,"GCF_016899775.1 Pseudoflavonifractor capillosus strain=An827, ASM1689977v1",/mnt/HDD/kia/HMP_reference/gtdb-rs207.genomic-reps.dna.k31.zip,6e3a2758267e039511b3797a1ada5a62,0.19666203059805284,595000,76,40566000,,SRS054956.tar.bz2,a6e7380d,628719000
578000,0.0009193296210230643,0.24775179856115107,0.0008763851577572811,0.0008763851577572811,,,,"GCF_900104615.1 Phocea massiliensis strain=Marseille-P2769, PRJEB16353",/mnt/HDD/kia/HMP_reference/gtdb-rs207.genomic-reps.dna.k31.zip,84802b5dbdac9635e5d80a22e18612dc,0.25989208633093525,551000,77,40015000,,SRS054956.tar.bz2,a6e7380d,628719000
568000,0.0009034242642579595,0.17105263157894737,0.0008477555155800922,0.0008477555155800922,,,,"GCF_000468015.1 Ruminococcus callidus ATCC 27760 strain=ATCC 27760, ASM46801v1",/mnt/HDD/kia/HMP_reference/gtdb-rs207.genomic-reps.dna.k31.zip,bff3e8a1ff2f46748997b855d46008f9,0.1822849807445443,533000,78,39482000,,SRS054956.tar.bz2,a6e7380d,628719000
1633000,0.0025973447597416334,0.08886956521739131,0.0008127637306968614,0.0008127637306968614,,,,"GCF_000210075.1 Bacteroides xylanisolvens XB1A strain=XB1A, ASM21007v1",/mnt/HDD/kia/HMP_reference/gtdb-rs207.genomic-reps.dna.k31.zip,c08f8e47dd318b08d89c36c36e6da9e1,0.284,511000,79,38971000,,SRS054956.tar.bz2,a6e7380d,628719000
725000,0.0011531383654701066,0.12394225983076157,0.000792086766902225,0.000792086766902225,,,,"GCA_003478935.1 Firmicutes bacterium AF25-13AC strain=AF25-13AC, ASM347893v1",/mnt/HDD/kia/HMP_reference/gtdb-rs207.genomic-reps.dna.k31.zip,af6c15168013456ae2d4dfef6c5b80a6,0.18043802887008462,498000,80,38473000,,SRS054956.tar.bz2,a6e7380d,628719000
1018000,0.0016191653186876807,0.21715817694369974,0.0007730003387840991,0.0007730003387840991,,,,"GCF_001813295.1 Streptococcus sp. HMSC072G04 strain=HMSC072G04, ASM181329v1",/mnt/HDD/kia/HMP_reference/gtdb-rs207.genomic-reps.dna.k31.zip,bd572fe08e3233a062af70b98db0e14c,0.4548704200178731,486000,81,37987000,,SRS054956.tar.bz2,a6e7380d,628719000
476000,0.0007570949820189942,0.16451725339839665,0.0007507328393129522,0.0007507328393129522,,,,"GCF_000205025.1 Parasutterella excrementihominis YIT 11859 strain=YIT 11859, ASM20502v1",/mnt/HDD/kia/HMP_reference/gtdb-rs207.genomic-reps.dna.k31.zip,c2cae97ed5c2f955adaadd6c5da64434,0.16591146741024748,472000,82,37515000,,SRS054956.tar.bz2,a6e7380d,628719000
470000,0.0007475517679599313,0.17361894024802707,0.0007348274825478472,0.0007348274825478472,,,,"GCA_900542445.1 uncultured Clostridiales bacterium, UMGS462",/mnt/HDD/kia/HMP_reference/gtdb-rs207.genomic-reps.dna.k31.zip,47110158281adb158ae3c95fa9af9cf0,0.17662532882375048,462000,83,37053000,,SRS054956.tar.bz2,a6e7380d,628719000
471000,0.0007491423036364417,0.1281258780556336,0.0007252842684887843,0.0007252842684887843,,,,"GCA_900547035.1 uncultured Clostridium sp., UMGS945",/mnt/HDD/kia/HMP_reference/gtdb-rs207.genomic-reps.dna.k31.zip,3d8867862b23ecede33bc38b382421cd,0.13234054509693735,456000,84,36597000,,SRS054956.tar.bz2,a6e7380d,628719000
459000,0.0007300558755183158,0.23928004235044997,0.0007189221257827424,0.0007189221257827424,,,,"GCA_000436335.1 Clostridium sp. CAG:217, MGS217",/mnt/HDD/kia/HMP_reference/gtdb-rs207.genomic-reps.dna.k31.zip,6eaec0addba0d8d6773b7c8115b7e2f9,0.24298570672313394,452000,85,36145000,,SRS054956.tar.bz2,a6e7380d,628719000
975000,0.0015507722845977297,0.2314007183170857,0.0007173315901062319,0.0007173315901062319,,,,"GCF_014931275.1 Haemophilus parainfluenzae strain=M1C160_1, ASM1493127v1",/mnt/HDD/kia/HMP_reference/gtdb-rs207.genomic-reps.dna.k31.zip,90ed85567504e269bdef87c296aa46c1,0.5002565418163161,451000,86,35694000,,SRS054956.tar.bz2,a6e7380d,628719000
605000,0.0009622740842888477,0.17004370282081843,0.0006807492695464905,0.0006807492695464905,,,,"GCF_018408575.1 Oscillibacter sp. MM50 strain=MM50, ASM1840857v1",/mnt/HDD/kia/HMP_reference/gtdb-rs207.genomic-reps.dna.k31.zip,be471ee2a9a4d83e479673ce2822bf12,0.24036551450139054,428000,87,35266000,,SRS054956.tar.bz2,a6e7380d,628719000
457000,0.0007268748041652949,0.08672086720867209,0.0006616628414283646,0.0006616628414283646,,,,"GCF_001875655.1 Enterobacter hormaechei ATCC 49162 strain=ATCC 49162, ASM187565v1",/mnt/HDD/kia/HMP_reference/gtdb-rs207.genomic-reps.dna.k31.zip,4499fcb0abcb8ac4a507b9907779a394,0.09526787575568063,416000,88,34850000,,SRS054956.tar.bz2,a6e7380d,628719000
492000,0.000782543552843162,0.12731196054254007,0.0006568912343988332,0.0006568912343988332,,,,"GCF_009696065.1 Lachnospiraceae bacterium BSM-380-WT-5A strain=BSM-380-WT-5A, ASM969606v1",/mnt/HDD/kia/HMP_reference/gtdb-rs207.genomic-reps.dna.k31.zip,f5b8118b5c8d1cd71ab0f4ec367c387c,0.15166461159062886,413000,89,34437000,,SRS054956.tar.bz2,a6e7380d,628719000
586000,0.0009320539064351483,0.06795955577656224,0.0006521196273693017,0.0006521196273693017,,,,"GCF_009696275.1 Eisenbergiella tayi strain=WCA-389-WT-23B, ASM969627v1",/mnt/HDD/kia/HMP_reference/gtdb-rs207.genomic-reps.dna.k31.zip,c7fdedc4e0f0b75c8d3f4fbb28a2d541,0.09713243825625725,410000,90,34027000,,SRS054956.tar.bz2,a6e7380d,628719000
898000,0.0014283010375064219,0.08970856102003642,0.0006266710565451338,0.0006266710565451338,,,,"GCA_900758315.1 uncultured Oscillospiraceae bacterium, ERS608503_14",/mnt/HDD/kia/HMP_reference/gtdb-rs207.genomic-reps.dna.k31.zip,b7ffc7db10e9d5437f87b064a28aa398,0.20446265938069216,394000,91,33633000,,SRS054956.tar.bz2,a6e7380d,628719000
783000,0.0012453894347077153,0.10549330418147035,0.0006139467711330499,0.0006139467711330499,,,,"GCA_902362725.1 Clostridiaceae bacterium, MGYG-HGUT-00051",/mnt/HDD/kia/HMP_reference/gtdb-rs207.genomic-reps.dna.k31.zip,cc3f4e6331ad6004e2e014363ff7b343,0.2139928942333971,386000,92,33247000,,SRS054956.tar.bz2,a6e7380d,628719000
415000,0.0006600723057518542,0.1610738255033557,0.0006107656997800289,0.0006107656997800289,,,,"GCF_009738225.1 Streptococcus salivarius strain=ICDC2, ASM973822v1",/mnt/HDD/kia/HMP_reference/gtdb-rs207.genomic-reps.dna.k31.zip,064f37e0e8408f176a29afe33224f971,0.17407718120805368,384000,93,32863000,,SRS054956.tar.bz2,a6e7380d,628719000
397000,0.0006314426635746653,0.1650485436893204,0.000594860343014924,0.000594860343014924,,,,"GCA_900543415.1 uncultured Dorea sp., UMGS566",/mnt/HDD/kia/HMP_reference/gtdb-rs207.genomic-reps.dna.k31.zip,2e8d4e1d3b038a17589a3cf1a4ae681f,0.17519858781994704,374000,94,32489000,,SRS054956.tar.bz2,a6e7380d,628719000
1577000,0.0025082747618570458,0.05867507886435331,0.000591679271661903,0.000591679271661903,,,,"GCA_902362375.1 Bacteroidaceae bacterium, MGYG-HGUT-00013",/mnt/HDD/kia/HMP_reference/gtdb-rs207.genomic-reps.dna.k31.zip,8182caaf670814ebbeb9046e1a4982b9,0.24873817034700316,372000,95,32117000,,SRS054956.tar.bz2,a6e7380d,628719000
377000,0.0005996319500444554,0.1412037037037037,0.0005821360576028401,0.0005821360576028401,,,,"GCA_000154325.1 [Eubacterium] siraeum DSM 15702 strain=DSM 15702, ASM15432v1",/mnt/HDD/kia/HMP_reference/gtdb-rs207.genomic-reps.dna.k31.zip,7b57f18987e8bc95161739acd279cc1b,0.14544753086419754,366000,96,31751000,,SRS054956.tar.bz2,a6e7380d,628719000
437000,0.000695064090635085,0.13935681470137826,0.000578954986249819,0.000578954986249819,,,,"GCF_000153925.1 [Ruminococcus] torques ATCC 27756 strain=ATCC 27756, ASM15392v1",/mnt/HDD/kia/HMP_reference/gtdb-rs207.genomic-reps.dna.k31.zip,09a733b1bc16d57b28af752939010678,0.16730474732006126,364000,97,31387000,,SRS054956.tar.bz2,a6e7380d,628719000
603000,0.0009590930129358266,0.09325872635225153,0.0005566874867786722,0.0005566874867786722,,,,"GCA_902363135.1 Lachnospiraceae bacterium, MGYG-HGUT-00092",/mnt/HDD/kia/HMP_reference/gtdb-rs207.genomic-reps.dna.k31.zip,24cb2f7055942e2ac04d51117f90e805,0.1606714628297362,350000,98,31037000,,SRS054956.tar.bz2,a6e7380d,628719000
348000,0.0005535064154256512,0.15612382234185734,0.0005535064154256512,0.0005535064154256512,,,,"GCF_001025135.1 Bifidobacterium bifidum ATCC 29521 = JCM 1255 = DSM 20456 strain=JCM 1255, ASM102513v1",/mnt/HDD/kia/HMP_reference/gtdb-rs207.genomic-reps.dna.k31.zip,50cbe693931985575a68db5515e8ee6f,0.15612382234185734,348000,99,30689000,,SRS054956.tar.bz2,a6e7380d,628719000
1102000,0.0017527703155145622,0.18148342977380327,0.0005487348083961197,0.0005487348083961197,,,,"GCF_003252795.1 Haemophilus parainfluenzae strain=C2004002729, ASM325279v1",/mnt/HDD/kia/HMP_reference/gtdb-rs207.genomic-reps.dna.k31.zip,f30b7b034981c1c59056b9ee48fbc7b2,0.5796948974224092,345000,100,30344000,,SRS054956.tar.bz2,a6e7380d,628719000
458000,0.0007284653398418053,0.1512304250559284,0.0005376010586605463,0.0005376010586605463,,,,"GCF_002959775.1 Veillonella rogosae JCM 15642 strain=JCM 15642, ASM295977v1",/mnt/HDD/kia/HMP_reference/gtdb-rs207.genomic-reps.dna.k31.zip,feec846e832a1a83918fce73cf9e3977,0.20492170022371364,338000,101,30006000,,SRS054956.tar.bz2,a6e7380d,628719000
348000,0.0005535064154256512,0.07075673364685763,0.0005264673089249728,0.0005264673089249728,,,,"GCF_000466485.1 [Clostridium] symbiosum ATCC 14940 strain=ATCC 14940, ASM46648v1",/mnt/HDD/kia/HMP_reference/gtdb-rs207.genomic-reps.dna.k31.zip,1d173544271fef8a51c6d94810f03490,0.07439076528430953,331000,102,29675000,,SRS054956.tar.bz2,a6e7380d,628719000
1388000,0.0022076635189965626,0.11305903398926655,0.0005026092737773155,0.0005026092737773155,,,,"GCF_000146185.1 [Eubacterium] eligens ATCC 27750 strain=ATCC 27750, ASM14618v1",/mnt/HDD/kia/HMP_reference/gtdb-rs207.genomic-reps.dna.k31.zip,5229119e2aa175d63f96a9ce9dfd479c,0.4966010733452594,316000,103,29359000,,SRS054956.tar.bz2,a6e7380d,628719000
322000,0.0005121524878363784,0.14759615384615385,0.000488294452688721,0.000488294452688721,,,,"GCA_014306095.1 Clostridiales Family XIII bacterium BX16 strain=BX16, ASM1430609v1",/mnt/HDD/kia/HMP_reference/gtdb-rs207.genomic-reps.dna.k31.zip,7a4e2a3c2a18d5491106111422230642,0.1548076923076923,307000,104,29052000,,SRS054956.tar.bz2,a6e7380d,628719000
1023000,0.0016271179970702332,0.13991769547325103,0.00048670391701221053,0.00048670391701221053,,,,"GCF_000448565.1 Streptococcus sp. HSISM1 strain=HSISM1, HSISM1_1.0",/mnt/HDD/kia/HMP_reference/gtdb-rs207.genomic-reps.dna.k31.zip,0d76b300052bf4c4857988d3253fe610,0.46776406035665297,306000,105,28746000,,SRS054956.tar.bz2,a6e7380d,628719000
943000,0.001499875142949394,0.06274768824306473,0.0004533026678054902,0.0004533026678054902,,,,"GCF_002965065.1 Escherichia sp. MOD1-EC7003 strain=MOD1-EC7003, ASM296506v1",/mnt/HDD/kia/HMP_reference/gtdb-rs207.genomic-reps.dna.k31.zip,38d496bbf253b84b1d5c7263cc0903fc,0.20761778952003523,285000,106,28461000,,SRS054956.tar.bz2,a6e7380d,628719000
1003000,0.0015953072835400235,0.11572942135289324,0.00045171213212897974,0.00045171213212897974,,,,"GCA_900317585.1 uncultured Lachnospiraceae bacterium, Rumen uncultured genome RUG297",/mnt/HDD/kia/HMP_reference/gtdb-rs207.genomic-reps.dna.k31.zip,feaa2561aec69ff1ac60f14b1357124a,0.40872045639771803,284000,107,28177000,,SRS054956.tar.bz2,a6e7380d,628719000
1123000,0.0017861715647212826,0.06997742663656885,0.00044375945374642726,0.00044375945374642726,,,,"GCF_003470905.1 Roseburia sp. AM23-20 strain=AM23-20, ASM347090v1",/mnt/HDD/kia/HMP_reference/gtdb-rs207.genomic-reps.dna.k31.zip,2ac2482725c4b902a616bd6f07fd6900,0.2816654125909205,279000,108,27898000,,SRS054956.tar.bz2,a6e7380d,628719000
843000,0.0013408215752983446,0.03747039977712773,0.00042785409698132236,0.00042785409698132236,,,,"GCA_900557355.1 uncultured Bacteroides sp., UMGS2042",/mnt/HDD/kia/HMP_reference/gtdb-rs207.genomic-reps.dna.k31.zip,987057f8f58832de97baec421bf869c2,0.11742582532386127,269000,109,27629000,,SRS054956.tar.bz2,a6e7380d,628719000
1169000,0.001859336205840765,0.08694236405079779,0.0004246730256283014,0.0004246730256283014,,,,"GCF_003287405.1 Faecalibacterium prausnitzii strain=APC923/51-1, ASM328740v1",/mnt/HDD/kia/HMP_reference/gtdb-rs207.genomic-reps.dna.k31.zip,b11818d1b4bf0d22ae3d2662e33873ee,0.38065776619993485,267000,110,27362000,,SRS054956.tar.bz2,a6e7380d,628719000
457000,0.0007268748041652949,0.08416,0.00041831088292225936,0.00041831088292225936,,,,"GCF_900291975.1 Intestinibacillus sp. Marseille-P4005 strain=Marseille-P4005, PRJEB24950",/mnt/HDD/kia/HMP_reference/gtdb-rs207.genomic-reps.dna.k31.zip,c242e679e3aa0b1db5329c67c9566b2c,0.14624,263000,111,27099000,,SRS054956.tar.bz2,a6e7380d,628719000
301000,0.0004787512386296581,0.08244514106583072,0.00041831088292225936,0.00041831088292225936,,,,"GCF_001280875.1 Sellimonas intestinalis strain=BR72, ASM128087v1",/mnt/HDD/kia/HMP_reference/gtdb-rs207.genomic-reps.dna.k31.zip,61ab0a53089d9927d1849dbe2fcc9041,0.09435736677115987,263000,112,26836000,,SRS054956.tar.bz2,a6e7380d,628719000
1042000,0.0016573381749239327,0.11555755395683454,0.0004087676688631964,0.0004087676688631964,,,,"GCF_000024945.1 Veillonella parvula DSM 2008 strain=DSM 2008, ASM2494v1",/mnt/HDD/kia/HMP_reference/gtdb-rs207.genomic-reps.dna.k31.zip,bb6c752a62c434e57bfc3292c79595c6,0.4685251798561151,257000,113,26579000,,SRS054956.tar.bz2,a6e7380d,628719000
358000,0.0005694117721907561,0.05979581915410792,0.000391271776421581,0.000391271776421581,,,,"GCF_000949455.1 Ruthenibacterium lactatiformans strain=585-1, ASM94945v1",/mnt/HDD/kia/HMP_reference/gtdb-rs207.genomic-reps.dna.k31.zip,4edd699389284f85ac20f9344f953c5f,0.08701993193971803,246000,114,26333000,,SRS054956.tar.bz2,a6e7380d,628719000
484000,0.0007698192674310781,0.07314870559903673,0.00038650016939204956,0.00038650016939204956,,,,"GCF_018408705.1 Oscillibacter sp. MM59 strain=MM59, ASM1840870v1",/mnt/HDD/kia/HMP_reference/gtdb-rs207.genomic-reps.dna.k31.zip,ac6ff4cab85d8673ba368b5f66dcfee5,0.1456953642384106,243000,115,26090000,,SRS054956.tar.bz2,a6e7380d,628719000
862000,0.0013710417531520441,0.10958276020174232,0.0003801380266860076,0.0003801380266860076,,,,"GCF_001074805.1 Streptococcus parasanguinis strain=886_SPAR, ASM107480v1",/mnt/HDD/kia/HMP_reference/gtdb-rs207.genomic-reps.dna.k31.zip,6ccd3a1399547bdc639c88b30751963b,0.39523154516276937,239000,116,25851000,,SRS054956.tar.bz2,a6e7380d,628719000
1341000,0.0021329083422005697,0.04888525260789527,0.0003801380266860076,0.0003801380266860076,,,,"GCF_000614125.1 Bacteroides rodentium JCM 16496 strain=JCM 16496, ASM61412v1",/mnt/HDD/kia/HMP_reference/gtdb-rs207.genomic-reps.dna.k31.zip,710cdbb1b39af4ff433ed7fbad6c78ce,0.27428922069952955,239000,117,25612000,,SRS054956.tar.bz2,a6e7380d,628719000
252000,0.000400814990480644,0.10516772438803264,0.00036900427695043414,0.00036900427695043414,,,,"GCA_003507655.1 Lachnospiraceae bacterium, ASM350765v1",/mnt/HDD/kia/HMP_reference/gtdb-rs207.genomic-reps.dna.k31.zip,23046228a81e0db1a133ced8759c53be,0.11423390752493201,232000,118,25380000,,SRS054956.tar.bz2,a6e7380d,628719000
1249000,0.0019865790599616043,0.06899641577060932,0.0003674137412739236,0.0003674137412739236,,,,"GCF_013300725.1 Coprococcus comes strain=MSK.16.63, ASM1330072v1",/mnt/HDD/kia/HMP_reference/gtdb-rs207.genomic-reps.dna.k31.zip,5690dda55028fe4b6db542ea10f1886c,0.3730585424133811,231000,119,25149000,,SRS054956.tar.bz2,a6e7380d,628719000
433000,0.000688701947929043,0.11014911014911015,0.00036423266992090264,0.00036423266992090264,,,,"GCF_013393365.1 Veillonella sp. T1-7 strain=T1-7, ASM1339336v1",/mnt/HDD/kia/HMP_reference/gtdb-rs207.genomic-reps.dna.k31.zip,8d385d4c2fd4ec420452a24991b7935d,0.20827320827320828,229000,120,24920000,,SRS054956.tar.bz2,a6e7380d,628719000
1032000,0.0016414328181588278,0.11677715451300356,0.00036423266992090264,0.00036423266992090264,,,,"GCF_003252725.1 Haemophilus parainfluenzae strain=C2004000280, ASM325272v1",/mnt/HDD/kia/HMP_reference/gtdb-rs207.genomic-reps.dna.k31.zip,ed62478687148592d12f6b299511840b,0.5262621111677716,229000,121,24691000,,SRS054956.tar.bz2,a6e7380d,628719000
237000,0.0003769569553329866,0.07626538987688099,0.0003546894558618397,0.0003546894558618397,,,,"GCF_013046825.1 Turicibacter sanguinis strain=MOL361, ASM1304682v1",/mnt/HDD/kia/HMP_reference/gtdb-rs207.genomic-reps.dna.k31.zip,2b411407f9ab72e2f08fa78b76246498,0.08105335157318741,223000,122,24468000,,SRS054956.tar.bz2,a6e7380d,628719000
1061000,0.001687558352777632,0.03894718121998933,0.00034832731315579773,0.00034832731315579773,,,,"GCF_009193295.2 Bacteroides sp. HF-5141 strain=HF-5141, ASM919329v2",/mnt/HDD/kia/HMP_reference/gtdb-rs207.genomic-reps.dna.k31.zip,b4482d10cb2488078dd11fc3de09368a,0.18868931175529077,219000,123,24249000,,SRS054956.tar.bz2,a6e7380d,628719000
363000,0.0005773644505733086,0.07329842931937172,0.0003340124920672033,0.0003340124920672033,,,,"GCA_003096535.1 Agathobaculum butyriciproducens strain=DSM 100391, ASM309653v1",/mnt/HDD/kia/HMP_reference/gtdb-rs207.genomic-reps.dna.k31.zip,5998c1d4c3c14df80fd6cff6ba682767,0.12670157068062826,210000,124,24039000,,SRS054956.tar.bz2,a6e7380d,628719000
210000,0.0003340124920672033,0.09662505779010633,0.00033242195639069283,0.00033242195639069283,,,,"GCA_905206455.1 uncultured Clostridiales bacterium, ERR1600730-mag-bin.21",/mnt/HDD/kia/HMP_reference/gtdb-rs207.genomic-reps.dna.k31.zip,60e2f917d286ae51cb5a918eb82ceab9,0.0970873786407767,209000,125,23830000,,SRS054956.tar.bz2,a6e7380d,628719000
203000,0.0003228787423316299,0.11799065420560748,0.00032128820665511937,0.00032128820665511937,,,,"GCA_900546685.1 uncultured Clostridiales bacterium, UMGS913",/mnt/HDD/kia/HMP_reference/gtdb-rs207.genomic-reps.dna.k31.zip,38ef6a4a8249b67cdc20d79a98ef7a72,0.1185747663551402,202000,126,23628000,,SRS054956.tar.bz2,a6e7380d,628719000
1000000,0.001590535676510492,0.11563044741429401,0.00031651659962558793,0.00031651659962558793,,,,"GCA_015255025.1 Haemophilus sp., ASM1525502v1",/mnt/HDD/kia/HMP_reference/gtdb-rs207.genomic-reps.dna.k31.zip,8d7e066034568b6a617fe63aa3979dfa,0.5810575246949448,199000,127,23429000,,SRS054956.tar.bz2,a6e7380d,628719000
1016000,0.00161598424733466,0.055524397083567024,0.0003149260639490774,0.0003149260639490774,,,,"GCF_013300825.1 Blautia wexlerae strain=MSK.20.46, ASM1330082v1",/mnt/HDD/kia/HMP_reference/gtdb-rs207.genomic-reps.dna.k31.zip,c904d12975db86fd08a8995198b6cca6,0.284913067863152,198000,128,23231000,,SRS054956.tar.bz2,a6e7380d,628719000
872000,0.001386947109917149,0.09248826291079812,0.0003133355282725669,0.0003133355282725669,,,,"GCF_000164675.2 Streptococcus parasanguinis ATCC 15912 strain=ATCC 15912, ASM16467v2",/mnt/HDD/kia/HMP_reference/gtdb-rs207.genomic-reps.dna.k31.zip,5e8b0fbe7c849c05b6e9e5e3bbf969f2,0.40938967136150234,197000,129,23034000,,SRS054956.tar.bz2,a6e7380d,628719000
991000,0.0015762208554218975,0.05940892641737033,0.0003133355282725669,0.0003133355282725669,,,,"GCF_003480435.1 Clostridium sp. AM30-24 strain=AM30-24, ASM348043v1",/mnt/HDD/kia/HMP_reference/gtdb-rs207.genomic-reps.dna.k31.zip,2023c0f479da06b35c0c857a2d652a0d,0.298854041013269,197000,130,22837000,,SRS054956.tar.bz2,a6e7380d,628719000
198000,0.0003149260639490774,0.05831597738768224,0.00031174499259605643,0.00031174499259605643,,,,"GCF_000210055.1 Gordonibacter pamelaeae 7-10-1-b strain=7-10-1-bT, ASM21005v1",/mnt/HDD/kia/HMP_reference/gtdb-rs207.genomic-reps.dna.k31.zip,99e65f8593549ca8e3e843eee40eeb60,0.0589110383814341,196000,131,22641000,,SRS054956.tar.bz2,a6e7380d,628719000
412000,0.0006553006987223227,0.05028810895756941,0.00030538284989001447,0.00030538284989001447,,,,"GCF_003463065.1 Blautia sp. OF03-15BH strain=OF03-15BH, ASM346306v1",/mnt/HDD/kia/HMP_reference/gtdb-rs207.genomic-reps.dna.k31.zip,b8f06c753f81002527c220d71b808abd,0.10790990047145102,192000,132,22449000,,SRS054956.tar.bz2,a6e7380d,628719000
811000,0.001289924433650009,0.03972257250945776,0.00030061124286048297,0.00030061124286048297,,,,"GCF_004211955.1 Escherichia sp. E1V33 strain=E1V33, ASM421195v1",/mnt/HDD/kia/HMP_reference/gtdb-rs207.genomic-reps.dna.k31.zip,3e5892a57a7a64d24a3fe971c7892e95,0.17044976881042453,189000,133,22260000,,SRS054956.tar.bz2,a6e7380d,628719000
408000,0.0006489385560162807,0.05743965780629392,0.0002990207071839725,0.0002990207071839725,,,,"GCA_900553885.1 uncultured Ruminococcus sp., UMGS1662",/mnt/HDD/kia/HMP_reference/gtdb-rs207.genomic-reps.dna.k31.zip,06b7f24022a65255484b0289ea31723a,0.12465627864344637,188000,134,22072000,,SRS054956.tar.bz2,a6e7380d,628719000
196000,0.00031174499259605643,0.06631205673758865,0.000297430171507462,0.000297430171507462,,,,"GCF_011405655.1 Adlercreutzia sp. 8CFCBH1 strain=8CFCBH1, ASM1140565v1",/mnt/HDD/kia/HMP_reference/gtdb-rs207.genomic-reps.dna.k31.zip,f3e4bb91c6d34cbbb5aaeca9878d8095,0.06950354609929078,187000,135,21885000,,SRS054956.tar.bz2,a6e7380d,628719000
585000,0.0009304633707586378,0.05278093076049943,0.0002958396358309515,0.0002958396358309515,,,,"GCF_002160305.1 Pseudoflavonifractor sp. An184 strain=An184, ASM216030v1",/mnt/HDD/kia/HMP_reference/gtdb-rs207.genomic-reps.dna.k31.zip,f174717026c6f147dcfdddd5da8bf55d,0.16600454029511919,186000,136,21699000,,SRS054956.tar.bz2,a6e7380d,628719000
378000,0.0006012224857209659,0.0421301775147929,0.00028311535041886755,0.00028311535041886755,,,,"GCA_900556835.1 uncultured Lachnospiraceae bacterium, UMGS1971",/mnt/HDD/kia/HMP_reference/gtdb-rs207.genomic-reps.dna.k31.zip,d4b9f660a5eb27288eacad2530ee0016,0.08946745562130178,178000,137,21521000,,SRS054956.tar.bz2,a6e7380d,628719000
676000,0.0010752021173210927,0.04455193482688391,0.0002783437433893361,0.0002783437433893361,,,,"GCF_013304385.1 Blautia glucerasea strain=MSK.21.93, ASM1330438v1",/mnt/HDD/kia/HMP_reference/gtdb-rs207.genomic-reps.dna.k31.zip,52370be796ec3a37d7125effffb04193,0.17209775967413443,175000,138,21346000,,SRS054956.tar.bz2,a6e7380d,628719000
1492000,0.002373079229353654,0.04831052778553477,0.0002751626720363151,0.0002751626720363151,,,,"GCA_900755095.1 uncultured Bacteroides sp., ERS473029_19",/mnt/HDD/kia/HMP_reference/gtdb-rs207.genomic-reps.dna.k31.zip,300d2de3c2c21f7c37b9a66b2c49f0e7,0.4166433956995253,173000,139,21173000,,SRS054956.tar.bz2,a6e7380d,628719000
229000,0.00036423266992090264,0.04396462018730489,0.00026880052933027316,0.00026880052933027316,,,,"GCF_014202115.1 Catenibacillus scindens strain=DSM 106146, ASM1420211v1",/mnt/HDD/kia/HMP_reference/gtdb-rs207.genomic-reps.dna.k31.zip,f0945d2e4b9c3f4d34fc31c71559f865,0.05957336108220603,169000,140,21004000,,SRS054956.tar.bz2,a6e7380d,628719000
761000,0.0012103976498244844,0.06917724109701187,0.00026880052933027316,0.00026880052933027316,,,,"GCA_900539885.1 uncultured Faecalibacterium sp., UMGS184",/mnt/HDD/kia/HMP_reference/gtdb-rs207.genomic-reps.dna.k31.zip,3cdfec7afcfab4fc34509b5cba387ee1,0.31150225133033155,169000,141,20835000,,SRS054956.tar.bz2,a6e7380d,628719000
392000,0.0006234899851921129,0.07695831424644985,0.00026720999365376265,0.00026720999365376265,,,,"GCF_000785515.1 Streptococcus salivarius strain=NCTC 8618, ASM78551v1",/mnt/HDD/kia/HMP_reference/gtdb-rs207.genomic-reps.dna.k31.zip,dbd15eddd1d077ef23fe41235986f0cd,0.17956939990838297,168000,142,20667000,,SRS054956.tar.bz2,a6e7380d,628719000
182000,0.0002894774931249095,0.07011686143572621,0.00026720999365376265,0.00026720999365376265,,,,"GCA_900547455.1 uncultured Ruminococcaceae bacterium, UMGS991",/mnt/HDD/kia/HMP_reference/gtdb-rs207.genomic-reps.dna.k31.zip,9c2aa4f7e01b085d23a0d56b3334b791,0.07595993322203673,168000,143,20499000,,SRS054956.tar.bz2,a6e7380d,628719000
178000,0.00028311535041886755,0.051233396584440226,0.0002576667795946997,0.0002576667795946997,,,,"GCA_019119575.1 Candidatus Enterocloster excrementipullorum, ASM1911957v1",/mnt/HDD/kia/HMP_reference/gtdb-rs207.genomic-reps.dna.k31.zip,9f7ffd78af0f1eb94c233ceeacfd260c,0.056293485135989876,162000,144,20337000,,SRS054956.tar.bz2,a6e7380d,628719000
224000,0.0003562799915383502,0.02937420178799489,0.0002560762439181892,0.0002560762439181892,,,,"GCF_000742135.1 Klebsiella pneumoniae strain=ATCC 13883, ASM74213v1",/mnt/HDD/kia/HMP_reference/gtdb-rs207.genomic-reps.dna.k31.zip,d88f3c512ece432b111f094181484852,0.04086845466155811,161000,145,20176000,,SRS054956.tar.bz2,a6e7380d,628719000
1056000,0.0016796056743950795,0.08440170940170941,0.00025130463688865774,0.00025130463688865774,,,,"GCA_900756155.1 Pasteurellaceae bacterium, ERS473369_3",/mnt/HDD/kia/HMP_reference/gtdb-rs207.genomic-reps.dna.k31.zip,eeea60c9bd0bd610fee515947127a3fd,0.5641025641025641,158000,146,20018000,,SRS054956.tar.bz2,a6e7380d,628719000
498000,0.000792086766902225,0.07168949771689498,0.0002497141012121472,0.0002497141012121472,,,,"GCA_900544105.1 uncultured Oscillibacter sp., UMGS638",/mnt/HDD/kia/HMP_reference/gtdb-rs207.genomic-reps.dna.k31.zip,97e55b19b948bc3884bafc758cb1a6a6,0.2273972602739726,157000,147,19861000,,SRS054956.tar.bz2,a6e7380d,628719000
570000,0.0009066053356109804,0.04609929078014184,0.00024812356553563676,0.00024812356553563676,,,,"GCF_900142265.1 Anaerotignum lactatifermentans DSM 14214 strain=DSM 14214, IMG-taxon 2585428190 annotated assembly",/mnt/HDD/kia/HMP_reference/gtdb-rs207.genomic-reps.dna.k31.zip,45bd83380377c03d45f91407d4d10171,0.16843971631205673,156000,148,19705000,,SRS054956.tar.bz2,a6e7380d,628719000
936000,0.0014887413932138205,0.07741935483870968,0.00024812356553563676,0.00024812356553563676,,,,"GCA_000180035.1 Streptococcus parasanguinis F0405 strain=F0405, ASM18003v1",/mnt/HDD/kia/HMP_reference/gtdb-rs207.genomic-reps.dna.k31.zip,a1e5baa86e50d28bedb56a1553b5d50c,0.4645161290322581,156000,149,19549000,,SRS054956.tar.bz2,a6e7380d,628719000
159000,0.0002528951725651682,0.052345343303874914,0.0002449424941826158,0.0002449424941826158,,,,"GCA_019114305.1 Candidatus Hungatella pullicola, ASM1911430v1",/mnt/HDD/kia/HMP_reference/gtdb-rs207.genomic-reps.dna.k31.zip,ec8580d06d9cbf8af2a90f5b82c4e0ab,0.05404486743711761,154000,150,19395000,,SRS054956.tar.bz2,a6e7380d,628719000
259000,0.0004119487402162174,0.024090694378837978,0.00024335195850610526,0.00024335195850610526,,,,"GCA_000155435.1 Clostridiales bacterium 1_7_47FAA strain=1_7_47FAA, ASM15543v1",/mnt/HDD/kia/HMP_reference/gtdb-rs207.genomic-reps.dna.k31.zip,c61cf47008daac7b3c5b701169a58aac,0.04078097937332704,153000,151,19242000,,SRS054956.tar.bz2,a6e7380d,628719000
836000,0.0013296878255627713,0.05307262569832402,0.00024176142282959477,0.00024176142282959477,,,,"GCA_900546625.1 uncultured Lachnobacterium sp., UMGS904",/mnt/HDD/kia/HMP_reference/gtdb-rs207.genomic-reps.dna.k31.zip,c002602a49265f2771d37a7d1b625ee1,0.2918994413407821,152000,152,19090000,,SRS054956.tar.bz2,a6e7380d,628719000
736000,0.0011706342579117222,0.0728667305848514,0.00024176142282959477,0.00024176142282959477,,,,"GCF_002834225.1 Ruminococcus bromii strain=ATCC 27255, ASM283422v1",/mnt/HDD/kia/HMP_reference/gtdb-rs207.genomic-reps.dna.k31.zip,90b92750dc8865ed4f4ab15e1fc4c9f1,0.35282837967401726,152000,153,18938000,,SRS054956.tar.bz2,a6e7380d,628719000
1068000,0.0016986921025132055,0.05232155232155232,0.00024017088715308428,0.00024017088715308428,,,,"GCF_002550015.1 Faecalibacterium prausnitzii strain=CNCM I 4644, ASM255001v1",/mnt/HDD/kia/HMP_reference/gtdb-rs207.genomic-reps.dna.k31.zip,3c4a1863c3241a9d60eb20061b8768b8,0.3700623700623701,151000,154,18787000,,SRS054956.tar.bz2,a6e7380d,628719000
200000,0.0003181071353020984,0.041470832181365776,0.0002385803514765738,0.0002385803514765738,,,,"GCF_900120005.1 Holdemania sp. Marseille-P2844 strain=Marseille-P2844, PRJEB18022",/mnt/HDD/kia/HMP_reference/gtdb-rs207.genomic-reps.dna.k31.zip,e1fbc41917c85d73c7a6f99bdf6f2a40,0.055294442908487694,150000,155,18637000,,SRS054956.tar.bz2,a6e7380d,628719000
286000,0.0004548932034820007,0.07329574577139929,0.00022744660174100036,0.00022744660174100036,,,,"GCF_006385805.1 Streptococcus sp. E24 strain=E24, ASM638580v1",/mnt/HDD/kia/HMP_reference/gtdb-rs207.genomic-reps.dna.k31.zip,cdf1ea9ad428bca20691507b0aca13a1,0.14659149154279857,143000,156,18494000,,SRS054956.tar.bz2,a6e7380d,628719000
150000,0.0002385803514765738,0.05710814094775213,0.00022426553038797938,0.00022426553038797938,,,,"GCF_002160815.1 Massilimicrobiota sp. An134 strain=An134, ASM216081v1",/mnt/HDD/kia/HMP_reference/gtdb-rs207.genomic-reps.dna.k31.zip,8d84f6e93731938a4071e88507f6884f,0.060753341433778855,141000,157,18353000,,SRS054956.tar.bz2,a6e7380d,628719000
607000,0.0009654551556418686,0.04281809899787428,0.00022426553038797938,0.00022426553038797938,,,,"GCF_018784445.1 Gemmiger formicilis strain=MCC627, ASM1878444v1",/mnt/HDD/kia/HMP_reference/gtdb-rs207.genomic-reps.dna.k31.zip,ad88132eb529dcc3d2bfa18338979035,0.18433039781354388,141000,158,18212000,,SRS054956.tar.bz2,a6e7380d,628719000
498000,0.000792086766902225,0.029853906415413932,0.00022426553038797938,0.00022426553038797938,,,,"GCF_000156195.1 Bacteroides finegoldii DSM 17565 strain=DSM 17565, ASM15619v1",/mnt/HDD/kia/HMP_reference/gtdb-rs207.genomic-reps.dna.k31.zip,c6b25015f23efa66f969bb8db0161cd8,0.1054414567012492,141000,159,18071000,,SRS054956.tar.bz2,a6e7380d,628719000
1011000,0.0016080315689521074,0.06481916392672617,0.00021949392335844788,0.00021949392335844788,,,,"GCF_014931395.1 Haemophilus parainfluenzae strain=M1C137_2, ASM1493139v1",/mnt/HDD/kia/HMP_reference/gtdb-rs207.genomic-reps.dna.k31.zip,f933131d2119ed65677531a0c48a4c5a,0.474870831376233,138000,160,17933000,,SRS054956.tar.bz2,a6e7380d,628719000
174000,0.0002767532077128256,0.04200373366521468,0.0002147223163289164,0.0002147223163289164,,,,"GCF_004154955.1 Intestinimonas butyriciproducens strain=SRB-521-5-I, ASM415495v1",/mnt/HDD/kia/HMP_reference/gtdb-rs207.genomic-reps.dna.k31.zip,258760aab9c6ac2bdd2f8461544f96e1,0.054138145612943375,135000,161,17798000,,SRS054956.tar.bz2,a6e7380d,628719000
692000,0.0011006506881452605,0.045105245573003674,0.0002147223163289164,0.0002147223163289164,,,,"GCF_002549975.1 Faecalibacterium prausnitzii strain=CNCM I 4575, ASM254997v1",/mnt/HDD/kia/HMP_reference/gtdb-rs207.genomic-reps.dna.k31.zip,b6cf67fe86b74195aef58210f7673ab7,0.23120614767791514,135000,162,17663000,,SRS054956.tar.bz2,a6e7380d,628719000
373000,0.0005932698073384135,0.036328871892925434,0.00021154124497589543,0.00021154124497589543,,,,"GCF_000154565.1 Anaerotruncus colihominis DSM 17241 strain=DSM 17241, ASM15456v1",/mnt/HDD/kia/HMP_reference/gtdb-rs207.genomic-reps.dna.k31.zip,a876c72c96278b57c7a6fae75fba706f,0.10188473094782846,133000,163,17530000,,SRS054956.tar.bz2,a6e7380d,628719000
261000,0.0004151298115692384,0.04127870887647424,0.00021154124497589543,0.00021154124497589543,,,,"GCF_000173975.1 Anaerobutyricum hallii DSM 3353 strain=DSM 3353, ASM17397v1",/mnt/HDD/kia/HMP_reference/gtdb-rs207.genomic-reps.dna.k31.zip,d857a1209d50af1cfcfc6c682397f261,0.08100558659217877,133000,164,17397000,,SRS054956.tar.bz2,a6e7380d,628719000
148000,0.0002353992801235528,0.03679218166139695,0.00020358856659334298,0.00020358856659334298,,,,"GCF_000024265.1 Eggerthella lenta DSM 2243 strain=DSM 2243, ASM2426v1",/mnt/HDD/kia/HMP_reference/gtdb-rs207.genomic-reps.dna.k31.zip,85180973bcf7ff8f6fcf5e290ed49454,0.04254096004599023,128000,165,17269000,,SRS054956.tar.bz2,a6e7380d,628719000
1019000,0.0016207558543641914,0.059157595835305256,0.0001988169595638115,0.0001988169595638115,,,,"GCF_003252755.1 Haemophilus parainfluenzae strain=C2006002596, ASM325275v1",/mnt/HDD/kia/HMP_reference/gtdb-rs207.genomic-reps.dna.k31.zip,3e8fd94fed6765b59ed6454114bdcb94,0.48225272124940843,125000,166,17144000,,SRS054956.tar.bz2,a6e7380d,628719000
126000,0.000200407495240322,0.047810365608678185,0.00018927374550474854,0.00018927374550474854,,,,"GCA_018364635.1 Clostridiales bacterium, ASM1836463v1",/mnt/HDD/kia/HMP_reference/gtdb-rs207.genomic-reps.dna.k31.zip,10f5ad9d90b4357662c4c0900b947d18,0.05062274005624749,119000,167,17025000,,SRS054956.tar.bz2,a6e7380d,628719000
537000,0.0008541176582861342,0.052724856003544526,0.00018927374550474854,0.00018927374550474854,,,,"GCF_000314795.2 Streptococcus sp. F0442 strain=F0442, Strept_sp_F0442_V1",/mnt/HDD/kia/HMP_reference/gtdb-rs207.genomic-reps.dna.k31.zip,aaa05beb958d2b83b84f3e9cdd86afd7,0.23792645104120513,119000,168,16906000,,SRS054956.tar.bz2,a6e7380d,628719000
605000,0.0009622740842888477,0.02877176015473888,0.00018927374550474854,0.00018927374550474854,,,,"GCA_003478355.1 Lachnospiraceae bacterium AM48-27BH strain=AM48-27BH, ASM347835v1",/mnt/HDD/kia/HMP_reference/gtdb-rs207.genomic-reps.dna.k31.zip,0406dc9599017bcdf1976c899edbe0f3,0.14627659574468085,119000,169,16787000,,SRS054956.tar.bz2,a6e7380d,628719000
335000,0.0005328294516310148,0.030164765525982257,0.00018927374550474854,0.00018927374550474854,,,,"GCF_900104675.1 Angelakisella massiliensis strain=Marseille-P3217, PRJEB16361",/mnt/HDD/kia/HMP_reference/gtdb-rs207.genomic-reps.dna.k31.zip,1b555b81aebd28f3969d9df90b7355bc,0.08491761723700887,119000,170,16668000,,SRS054956.tar.bz2,a6e7380d,628719000
121000,0.00019245481685776952,0.05272564789991063,0.00018768320982823805,0.00018768320982823805,,,,"GCF_003269275.1 Phascolarctobacterium faecium DSM 14760 strain=DSM 14760, ASM326927v1",/mnt/HDD/kia/HMP_reference/gtdb-rs207.genomic-reps.dna.k31.zip,d6ec1bf8f193a3a0129b996a97606afd,0.054066130473637175,118000,171,16550000,,SRS054956.tar.bz2,a6e7380d,628719000
170000,0.00027039106500678363,0.03291139240506329,0.00018609267415172756,0.00018609267415172756,,,,"GCF_000157975.1 Blautia hydrogenotrophica DSM 10507 strain=DSM 10507, ASM15797v1",/mnt/HDD/kia/HMP_reference/gtdb-rs207.genomic-reps.dna.k31.zip,7e9a52e7d2fe3024cf6023804f6ef37b,0.04781997187060478,117000,172,16433000,,SRS054956.tar.bz2,a6e7380d,628719000
740000,0.001176996400617764,0.031799163179916316,0.0001813210671221961,0.0001813210671221961,,,,"GCF_003478035.1 Clostridium sp. OF03-18AA strain=OF03-18AA, ASM347803v1",/mnt/HDD/kia/HMP_reference/gtdb-rs207.genomic-reps.dna.k31.zip,b2cb449359263424b624c31f539ed929,0.20641562064156208,114000,173,16319000,,SRS054956.tar.bz2,a6e7380d,628719000
553000,0.000879566229110302,0.03609879670677644,0.0001813210671221961,0.0001813210671221961,,,,"GCA_900542495.1 uncultured Roseburia sp., UMGS472",/mnt/HDD/kia/HMP_reference/gtdb-rs207.genomic-reps.dna.k31.zip,9395a6c49ddeded3ae11fb356cafc064,0.17511082963901203,114000,174,16205000,,SRS054956.tar.bz2,a6e7380d,628719000
824000,0.0013106013974446453,0.04080145719489982,0.0001781399957691751,0.0001781399957691751,,,,"GCA_900765705.1 uncultured Faecalibacterium sp., SRS294968_37",/mnt/HDD/kia/HMP_reference/gtdb-rs207.genomic-reps.dna.k31.zip,d5330fc8a7b2b48d024b6fb23f5b2ee5,0.3001821493624772,112000,175,16093000,,SRS054956.tar.bz2,a6e7380d,628719000
154000,0.0002449424941826158,0.05165193113075849,0.00017654946009266462,0.00017654946009266462,,,,"GCF_009496155.1 Streptococcus mitis strain=SM10, ASM949615v1",/mnt/HDD/kia/HMP_reference/gtdb-rs207.genomic-reps.dna.k31.zip,ed8db3362bef6e97d5d22ada01346908,0.07166123778501629,111000,176,15982000,,SRS054956.tar.bz2,a6e7380d,628719000
353000,0.0005614590938082037,0.04158718046547119,0.00017336838873964364,0.00017336838873964364,,,,"GCA_905215775.1 uncultured bacterium, ERR3160556-mag-bin.6",/mnt/HDD/kia/HMP_reference/gtdb-rs207.genomic-reps.dna.k31.zip,ce190b0cde8d4a4ef9e884f78857235a,0.13468141930560854,109000,177,15873000,,SRS054956.tar.bz2,a6e7380d,628719000
124000,0.000197226423887301,0.033882203926535785,0.00017018731738662263,0.00017018731738662263,,,,"GCA_902362365.1 Clostridiaceae bacterium, MGYG-HGUT-00001",/mnt/HDD/kia/HMP_reference/gtdb-rs207.genomic-reps.dna.k31.zip,c24056ad1a24ed9b35070ddd9c533932,0.03926535782140595,107000,178,15766000,,SRS054956.tar.bz2,a6e7380d,628719000
742000,0.001180177471970785,0.022746781115879827,0.00016859678171011214,0.00016859678171011214,,,,"GCF_902498915.1 Escherichia ruysiae, OPT1704",/mnt/HDD/kia/HMP_reference/gtdb-rs207.genomic-reps.dna.k31.zip,b27afc8d13e4820820cdf21815f5f5cc,0.1592274678111588,106000,179,15660000,,SRS054956.tar.bz2,a6e7380d,628719000
107000,0.00017018731738662263,0.028019586507072904,0.00016382517468058067,0.00016382517468058067,,,,"GCF_000577815.1 Clostridium saudiense strain=JCC, JCC",/mnt/HDD/kia/HMP_reference/gtdb-rs207.genomic-reps.dna.k31.zip,a6edb8082fd7164fb0ee7ab7745fcb67,0.02910772578890098,103000,180,15557000,,SRS054956.tar.bz2,a6e7380d,628719000
367000,0.0005837265932793506,0.040937996820349765,0.00016382517468058067,0.00016382517468058067,,,,"GCA_019117305.1 Candidatus Mediterraneibacter merdigallinarum, ASM1911730v1",/mnt/HDD/kia/HMP_reference/gtdb-rs207.genomic-reps.dna.k31.zip,f7f0e8c557d6effb58cf37eb1e01d61b,0.1458664546899841,103000,181,15454000,,SRS054956.tar.bz2,a6e7380d,628719000
994000,0.001580992462451429,0.048402255639097745,0.00016382517468058067,0.00016382517468058067,,,,"GCA_018365265.1 Streptococcus parasanguinis, ASM1836526v1",/mnt/HDD/kia/HMP_reference/gtdb-rs207.genomic-reps.dna.k31.zip,1c44fa8fa54a390b7d996c9d64323256,0.46710526315789475,103000,182,15351000,,SRS054956.tar.bz2,a6e7380d,628719000
266000,0.00042308248995179086,0.026850886339937433,0.00016382517468058067,0.00016382517468058067,,,,"GCA_900753715.1 uncultured Roseburia sp., ERS396384_4",/mnt/HDD/kia/HMP_reference/gtdb-rs207.genomic-reps.dna.k31.zip,7b311cc264234ddce883d7cca0944c88,0.06934306569343066,103000,183,15248000,,SRS054956.tar.bz2,a6e7380d,628719000
569000,0.0009050147999344699,0.029505351460804165,0.00016223463900407018,0.00016223463900407018,,,,"GCF_001404875.1 Dorea longicatena strain=2789STDY5834914, 14207_7#37",/mnt/HDD/kia/HMP_reference/gtdb-rs207.genomic-reps.dna.k31.zip,4d1fd4a988e75787682a232c846bb78e,0.164593578247035,102000,184,15146000,,SRS054956.tar.bz2,a6e7380d,628719000
690000,0.0010974696167922395,0.023197060174552135,0.00016064410332755969,0.00016064410332755969,,,,"GCF_004793475.1 Bacteroides sp. NM69_E16B strain=NM69_E16B, ASM479347v1",/mnt/HDD/kia/HMP_reference/gtdb-rs207.genomic-reps.dna.k31.zip,aa21d6a4e240d950eb3b686e2a4fae57,0.15847496554892054,101000,185,15045000,,SRS054956.tar.bz2,a6e7380d,628719000
451000,0.0007173315901062319,0.024868123587038434,0.0001574630319745387,0.0001574630319745387,,,,"GCA_900760095.1 uncultured Oxalobacter sp., SRS013098_77",/mnt/HDD/kia/HMP_reference/gtdb-rs207.genomic-reps.dna.k31.zip,a41580c1a13ad5f7b4bdf825de916f71,0.11328811856317508,99000,186,14946000,,SRS054956.tar.bz2,a6e7380d,628719000
236000,0.0003753664196564761,0.03946838501812324,0.00015587249629802822,0.00015587249629802822,,,,"GCF_003024675.1 Faecalibacillus faecis strain=SNUG30370, ASM302467v1",/mnt/HDD/kia/HMP_reference/gtdb-rs207.genomic-reps.dna.k31.zip,8481cbe07c98539d617a974c2a94df25,0.0950463149416029,98000,187,14848000,,SRS054956.tar.bz2,a6e7380d,628719000
182000,0.0002894774931249095,0.015805070793546264,0.00015269142494500723,0.00015269142494500723,,,,"GCF_000158075.1 [Clostridium] asparagiforme DSM 15981 strain=DSM 15981, ASM15807v1",/mnt/HDD/kia/HMP_reference/gtdb-rs207.genomic-reps.dna.k31.zip,ec53954aef537e3ba9e05a4612b3cb0b,0.029963780046098124,96000,188,14752000,,SRS054956.tar.bz2,a6e7380d,628719000
919000,0.0014617022867131422,0.058465286236297195,0.00015269142494500723,0.00015269142494500723,,,,"GCA_905214375.1 uncultured bacterium, ERR1600749-mag-bin.20",/mnt/HDD/kia/HMP_reference/gtdb-rs207.genomic-reps.dna.k31.zip,0eb9b6daf76556981978d3d2a16c626b,0.5596833130328868,96000,189,14656000,,SRS054956.tar.bz2,a6e7380d,628719000
104000,0.00016541571035709116,0.051714752313554706,0.00015110088926849674,0.00015110088926849674,,,,"GCA_001058355.1 Carnobacterium maltaromaticum strain=757_CMAL, ASM105835v1",/mnt/HDD/kia/HMP_reference/gtdb-rs207.genomic-reps.dna.k31.zip,0a6af649dd0be1be5f1c89195cc0c908,0.056614044637996734,95000,190,14561000,,SRS054956.tar.bz2,a6e7380d,628719000
975000,0.0015507722845977297,0.03628724216959511,0.00015110088926849674,0.00015110088926849674,,,,"GCF_003464165.1 Eubacterium sp. AM49-13BH strain=AM49-13BH, ASM346416v1",/mnt/HDD/kia/HMP_reference/gtdb-rs207.genomic-reps.dna.k31.zip,7108e92619b903654cd875e33d69a01d,0.3724216959511077,95000,191,14466000,,SRS054956.tar.bz2,a6e7380d,628719000
175000,0.0002783437433893361,0.046637211585665195,0.00015110088926849674,0.00015110088926849674,,,,"GCF_010120595.1 Streptococcus thermophilus strain=ATCC 19258, ASM1012059v1",/mnt/HDD/kia/HMP_reference/gtdb-rs207.genomic-reps.dna.k31.zip,67c65ed0334c2a6f06b9e2579342b4b1,0.0859106529209622,95000,192,14371000,,SRS054956.tar.bz2,a6e7380d,628719000
787000,0.0012517515774137572,0.03673309886674482,0.00014951035359198625,0.00014951035359198625,,,,"GCA_900757715.1 uncultured Veillonella sp., ERS537359_13",/mnt/HDD/kia/HMP_reference/gtdb-rs207.genomic-reps.dna.k31.zip,1c3ea5fbf00ea2a5dc8cb8d21cd793e8,0.30754200859710823,94000,193,14277000,,SRS054956.tar.bz2,a6e7380d,628719000
163000,0.00025925731527121017,0.015107682417229186,0.00014951035359198625,0.00014951035359198625,,,,"GCA_900762525.1 uncultured Bacteroides sp., SRS144362_50",/mnt/HDD/kia/HMP_reference/gtdb-rs207.genomic-reps.dna.k31.zip,0644ba8143d963728ec2a64b9e52641d,0.02619736419157827,94000,194,14183000,,SRS054956.tar.bz2,a6e7380d,628719000
334000,0.0005312389159545044,0.03134479271991911,0.00014791981791547576,0.00014791981791547576,,,,"GCF_009695995.1 Lachnospiraceae bacterium WCA3-601-WT-6H strain=WCA3-601-WT-6H, ASM969599v1",/mnt/HDD/kia/HMP_reference/gtdb-rs207.genomic-reps.dna.k31.zip,a6be66ce83fd1772452d8972fe7fcb22,0.11257162116616111,93000,195,14090000,,SRS054956.tar.bz2,a6e7380d,628719000
95000,0.00015110088926849674,0.03161512027491409,0.00014632928223896527,0.00014632928223896527,,,,"GCF_000829035.1 Lactobacillus paracasei subsp. paracasei JCM 8130 strain=JCM 8130, ASM82903v1",/mnt/HDD/kia/HMP_reference/gtdb-rs207.genomic-reps.dna.k31.zip,f513bb3676b7807746fc26c9f819e3a9,0.03264604810996564,92000,196,13998000,,SRS054956.tar.bz2,a6e7380d,628719000
107000,0.00017018731738662263,0.04259259259259259,0.00014632928223896527,0.00014632928223896527,,,,"GCA_003525905.1 Clostridiales bacterium, ASM352590v1",/mnt/HDD/kia/HMP_reference/gtdb-rs207.genomic-reps.dna.k31.zip,4a1943cef878ce8b6d6625ec2358cbd9,0.04953703703703704,92000,197,13906000,,SRS054956.tar.bz2,a6e7380d,628719000
102000,0.00016223463900407018,0.03114421123899797,0.00014632928223896527,0.00014632928223896527,,,,"GCF_003268275.1 Ruminococcaceae bacterium strain=ASD2818, ASM326827v1",/mnt/HDD/kia/HMP_reference/gtdb-rs207.genomic-reps.dna.k31.zip,fb8dc58b1746d11ae1e45c69fca67a6e,0.034529451591062965,92000,198,13814000,,SRS054956.tar.bz2,a6e7380d,628719000
517000,0.0008223069447559244,0.024390243902439025,0.00014473874656245476,0.00014473874656245476,,,,"GCA_902363675.1 Lachnospiraceae bacterium, MGYG-HGUT-00136",/mnt/HDD/kia/HMP_reference/gtdb-rs207.genomic-reps.dna.k31.zip,0e52a65e33f6ee0b7a154267a57215c3,0.1385687483248459,91000,199,13723000,,SRS054956.tar.bz2,a6e7380d,628719000
679000,0.001079973724350624,0.033272394881170016,0.00014473874656245476,0.00014473874656245476,,,,"GCA_019118935.1 Candidatus Oscillibacter pullicola, ASM1911893v1",/mnt/HDD/kia/HMP_reference/gtdb-rs207.genomic-reps.dna.k31.zip,96f02f06eff0e4ab33b4bafa6ab86a70,0.24826325411334552,91000,200,13632000,,SRS054956.tar.bz2,a6e7380d,628719000
575000,0.0009145580139935329,0.030033003300330034,0.00014473874656245476,0.00014473874656245476,,,,"GCA_003483745.1 Roseburia sp., ASM348374v1",/mnt/HDD/kia/HMP_reference/gtdb-rs207.genomic-reps.dna.k31.zip,7fad8858c976f247f611d40f0b7f0b65,0.18976897689768976,91000,201,13541000,,SRS054956.tar.bz2,a6e7380d,628719000
162000,0.0002576667795946997,0.05067567567567568,0.00014314821088594427,0.00014314821088594427,,,,"GCF_000279535.1 Streptococcus infantis SPAR10 strain=SPAR10, ASM27953v1",/mnt/HDD/kia/HMP_reference/gtdb-rs207.genomic-reps.dna.k31.zip,5b32475a4610dd12d0899c6912c9b823,0.09121621621621621,90000,202,13451000,,SRS054956.tar.bz2,a6e7380d,628719000
262000,0.0004167203472457489,0.030354706684856753,0.00014155767520943378,0.00014155767520943378,,,,"GCA_018383195.1 Clostridiaceae bacterium, ASM1838319v1",/mnt/HDD/kia/HMP_reference/gtdb-rs207.genomic-reps.dna.k31.zip,e9275286a76d5ee7a768717dddee987a,0.08935879945429741,89000,203,13362000,,SRS054956.tar.bz2,a6e7380d,628719000
624000,0.000992494262142547,0.027051671732522795,0.00014155767520943378,0.00014155767520943378,,,,"GCA_902363045.1 Clostridiales bacterium, MGYG-HGUT-00086",/mnt/HDD/kia/HMP_reference/gtdb-rs207.genomic-reps.dna.k31.zip,adb0ed78ca86ef0f7a6de3e9b273ca7a,0.18966565349544073,89000,204,13273000,,SRS054956.tar.bz2,a6e7380d,628719000
562000,0.0008938810501988965,0.030038421236465246,0.0001367860681799023,0.0001367860681799023,,,,"GCF_002549775.1 Faecalibacterium prausnitzii strain=CNCM I 4541, ASM254977v1",/mnt/HDD/kia/HMP_reference/gtdb-rs207.genomic-reps.dna.k31.zip,975ff2182ed7ebf52419fe49c4a7985d,0.19629758994062171,86000,205,13187000,,SRS054956.tar.bz2,a6e7380d,628719000
746000,0.001186539614676827,0.0385312783318223,0.00013519553250339181,0.00013519553250339181,,,,"GCA_018381425.1 Haemophilus parainfluenzae, ASM1838142v1",/mnt/HDD/kia/HMP_reference/gtdb-rs207.genomic-reps.dna.k31.zip,02224e75150b4f44f5537f6f14b4cffb,0.3381686310063463,85000,206,13102000,,SRS054956.tar.bz2,a6e7380d,628719000
997000,0.0015857640694809604,0.03925233644859813,0.00013360499682688132,0.00013360499682688132,,,,"GCF_009717815.1 Streptococcus parasanguinis strain=BIOML-A3, ASM971781v1",/mnt/HDD/kia/HMP_reference/gtdb-rs207.genomic-reps.dna.k31.zip,2fcab7a77920c13721e1100bacd32511,0.4658878504672897,84000,207,13018000,,SRS054956.tar.bz2,a6e7380d,628719000
187000,0.000297430171507462,0.025089605734767026,0.00013360499682688132,0.00013360499682688132,,,,"GCF_013304445.1 Blautia hansenii strain=MSK.15.26, ASM1330444v1",/mnt/HDD/kia/HMP_reference/gtdb-rs207.genomic-reps.dna.k31.zip,b423d70e4cb5250db5f4ca2e9af27e62,0.05585424133811231,84000,208,12934000,,SRS054956.tar.bz2,a6e7380d,628719000
95000,0.00015110088926849674,0.10401002506265664,0.00013201446115037083,0.00013201446115037083,,,,"GCA_015257705.1 Candidatus Nanosynbacter sp., ASM1525770v1",/mnt/HDD/kia/HMP_reference/gtdb-rs207.genomic-reps.dna.k31.zip,95eeede60ca6d7fea66cbae1c5a16029,0.11904761904761904,83000,209,12851000,,SRS054956.tar.bz2,a6e7380d,628719000
652000,0.0010370292610848407,0.01734981565820863,0.00012724285412083936,0.00012724285412083936,,,,"GCF_001688725.2 Bacteroides caecimuris strain=I48, ASM168872v2",/mnt/HDD/kia/HMP_reference/gtdb-rs207.genomic-reps.dna.k31.zip,fce21236a84451ec2097370a1feb8cb5,0.14140099761440034,80000,210,12771000,,SRS054956.tar.bz2,a6e7380d,628719000
692000,0.0011006506881452605,0.017271157167530225,0.00012724285412083936,0.00012724285412083936,,,,"GCF_000026225.1 Escherichia fergusonii ATCC 35469 strain=ATCC 35469T, ASM2622v1",/mnt/HDD/kia/HMP_reference/gtdb-rs207.genomic-reps.dna.k31.zip,16c61a72a7b0e33b078d70321bdf2cda,0.14939550949913644,80000,211,12691000,,SRS054956.tar.bz2,a6e7380d,628719000
79000,0.00012565231844432887,0.03865213082259663,0.00012406178276781838,0.00012406178276781838,,,,"GCF_000758755.1 Actinomyces sp. S6-Spd3 strain=S6-Spd3, 04_NF40_HMP1627v01",/mnt/HDD/kia/HMP_reference/gtdb-rs207.genomic-reps.dna.k31.zip,6686eff21961e761489e752ffd0797c4,0.03914767096134787,78000,212,12613000,,SRS054956.tar.bz2,a6e7380d,628719000
566000,0.0009002431929049384,0.02417854928704278,0.00012406178276781838,0.00012406178276781838,,,,"GCA_018223365.1 Clostridiaceae bacterium Marseille-Q4145 strain=Marseille-Q4145, ASM1822336v1",/mnt/HDD/kia/HMP_reference/gtdb-rs207.genomic-reps.dna.k31.zip,ee3ee74bb22a2bc5e87b48390e19918a,0.1754494730316181,78000,213,12535000,,SRS054956.tar.bz2,a6e7380d,628719000
501000,0.0007968583739317564,0.020706132200690206,0.00012406178276781838,0.00012406178276781838,,,,"GCF_004123145.1 Blautia sp. KGMB01111 strain=KGMB01111, ASM412314v1",/mnt/HDD/kia/HMP_reference/gtdb-rs207.genomic-reps.dna.k31.zip,367415b6cb4fef904ddbb21d35a68b02,0.13299707990443324,78000,214,12457000,,SRS054956.tar.bz2,a6e7380d,628719000
88000,0.00013996713953292328,0.02425196850393701,0.0001224712470913079,0.0001224712470913079,,,,"GCA_900555195.1 uncultured Lachnospiraceae bacterium, UMGS1799",/mnt/HDD/kia/HMP_reference/gtdb-rs207.genomic-reps.dna.k31.zip,47ca394da6b23fea2ece410d0df367fc,0.027716535433070868,77000,215,12380000,,SRS054956.tar.bz2,a6e7380d,628719000
82000,0.00013042392547386034,0.02719886965736489,0.0001224712470913079,0.0001224712470913079,,,,"GCA_002305315.1 Clostridiales bacterium UBA1390, ASM230531v1",/mnt/HDD/kia/HMP_reference/gtdb-rs207.genomic-reps.dna.k31.zip,26259fc9815ff3bbbeef977b850ac76f,0.028965030024726245,77000,216,12303000,,SRS054956.tar.bz2,a6e7380d,628719000
739000,0.0011754058649412536,0.0365912373615792,0.00012088071141479739,0.00012088071141479739,,,,"GCA_905215595.1 uncultured bacterium, ERR1600666-mag-bin.42",/mnt/HDD/kia/HMP_reference/gtdb-rs207.genomic-reps.dna.k31.zip,1199bb7ceeef5b5106f83b0a80c5b1c4,0.35580163697640826,76000,217,12227000,,SRS054956.tar.bz2,a6e7380d,628719000
967000,0.0015380479991856457,0.04008438818565401,0.00012088071141479739,0.00012088071141479739,,,,"GCA_905207935.1 uncultured Haemophilus sp., SRR413574-mag-bin.5",/mnt/HDD/kia/HMP_reference/gtdb-rs207.genomic-reps.dna.k31.zip,34dde6ad5dd3664dc9a639f81581c29c,0.5100210970464135,76000,218,12151000,,SRS054956.tar.bz2,a6e7380d,628719000
245000,0.00038968124074507054,0.03751233958538993,0.00012088071141479739,0.00012088071141479739,,,,"GCA_900759045.1 uncultured Collinsella sp., ERS608576_11",/mnt/HDD/kia/HMP_reference/gtdb-rs207.genomic-reps.dna.k31.zip,3a6ce978216c52d950cfef0e13b184b0,0.1209279368213228,76000,219,12075000,,SRS054956.tar.bz2,a6e7380d,628719000
157000,0.0002497141012121472,0.03721841332027424,0.00012088071141479739,0.00012088071141479739,,,,"GCF_002959915.1 Veillonella atypica KON strain=ATCC 17744, ASM295991v1",/mnt/HDD/kia/HMP_reference/gtdb-rs207.genomic-reps.dna.k31.zip,c64242b3a6215455e5c7b11a8f869a61,0.07688540646425074,76000,220,11999000,,SRS054956.tar.bz2,a6e7380d,628719000
207000,0.00032924088503767185,0.0117096018735363,0.0001192901757382869,0.0001192901757382869,,,,"GCF_000233455.1 [Clostridium] citroniae WAL-17108 strain=WAL-17108, Clos_citr_WAL_17108_V1",/mnt/HDD/kia/HMP_reference/gtdb-rs207.genomic-reps.dna.k31.zip,77a5975adbf3dbbc2be7beba4b4c4989,0.03231850117096019,75000,221,11924000,,SRS054956.tar.bz2,a6e7380d,628719000
247000,0.0003928623120980915,0.011762860727728983,0.0001192901757382869,0.0001192901757382869,,,,"GCF_002234575.2 Enterocloster bolteae strain=ATCC BAA-613, ASM223457v2",/mnt/HDD/kia/HMP_reference/gtdb-rs207.genomic-reps.dna.k31.zip,93f73424a62c9a7810069426678c2739,0.03873902132998745,75000,222,11849000,,SRS054956.tar.bz2,a6e7380d,628719000
75000,0.0001192901757382869,0.04230989136649514,0.0001176996400617764,0.0001176996400617764,,,,"GCF_000165735.1 Megasphaera micronuciformis F0359 strain=F0359, ASM16573v1",/mnt/HDD/kia/HMP_reference/gtdb-rs207.genomic-reps.dna.k31.zip,249c684d662bae9ace06170d5f13f806,0.04288164665523156,74000,223,11775000,,SRS054956.tar.bz2,a6e7380d,628719000
75000,0.0001192901757382869,0.024897680763983628,0.00011610910438526592,0.00011610910438526592,,,,"GCA_904399395.1 uncultured Clostridia bacterium, Coassembly_mag_77",/mnt/HDD/kia/HMP_reference/gtdb-rs207.genomic-reps.dna.k31.zip,ab967fd2dfcb86cfa024ea0a0c23d343,0.02557980900409277,73000,224,11702000,,SRS054956.tar.bz2,a6e7380d,628719000
284000,0.00045171213212897974,0.021889055472263868,0.00011610910438526592,0.00011610910438526592,,,,"GCF_900209925.1 Anaerobutyricum hallii, EH1",/mnt/HDD/kia/HMP_reference/gtdb-rs207.genomic-reps.dna.k31.zip,853f171c0393206ce274892b71b6f556,0.08515742128935533,73000,225,11629000,,SRS054956.tar.bz2,a6e7380d,628719000
243000,0.00038650016939204956,0.03067746058798466,0.00011451856870875543,0.00011451856870875543,,,,"GCA_000433535.1 Dorea sp. CAG:317, MGS317",/mnt/HDD/kia/HMP_reference/gtdb-rs207.genomic-reps.dna.k31.zip,c2c58d35c42714aaa6f53cae55dbe26d,0.10353642948444823,72000,226,11557000,,SRS054956.tar.bz2,a6e7380d,628719000
381000,0.0006059940927504975,0.02832415420928403,0.00011451856870875543,0.00011451856870875543,,,,"GCF_900015215.1 Romboutsia ilealis strain=CRIB, CRIB_assembly_V1",/mnt/HDD/kia/HMP_reference/gtdb-rs207.genomic-reps.dna.k31.zip,4f1f5b624ed155579fa4ba377193c4ab,0.14988198269079464,72000,227,11485000,,SRS054956.tar.bz2,a6e7380d,628719000
84000,0.00013360499682688132,0.018745118458734705,0.00011451856870875543,0.00011451856870875543,,,,"GCA_018369015.1 Clostridiales bacterium, ASM1836901v1",/mnt/HDD/kia/HMP_reference/gtdb-rs207.genomic-reps.dna.k31.zip,993ede45c6e5bc6c57bf932876eda038,0.02186930486852382,72000,228,11413000,,SRS054956.tar.bz2,a6e7380d,628719000
75000,0.0001192901757382869,0.028413575374901343,0.00011451856870875543,0.00011451856870875543,,,,"GCF_900099625.1 Lactococcus lactis strain=ATCC 19435, IMG-taxon 2597490350 annotated assembly",/mnt/HDD/kia/HMP_reference/gtdb-rs207.genomic-reps.dna.k31.zip,f0ecb3c4151f2bdc4de759bcdace8ba6,0.029597474348855565,72000,229,11341000,,SRS054956.tar.bz2,a6e7380d,628719000
239000,0.0003801380266860076,0.0247645622602023,0.00011292803303224494,0.00011292803303224494,,,,"GCA_002633275.1 Bacteroidales bacterium Phil12, ASM263327v1",/mnt/HDD/kia/HMP_reference/gtdb-rs207.genomic-reps.dna.k31.zip,8e501eec9371799ddb40f724f45122ba,0.08336239972096268,71000,230,11270000,,SRS054956.tar.bz2,a6e7380d,628719000
73000,0.00011610910438526592,0.03269500233535731,0.00011133749735573443,0.00011133749735573443,,,,"GCA_900761075.1 Christensenellaceae bacterium, SRS042628_64",/mnt/HDD/kia/HMP_reference/gtdb-rs207.genomic-reps.dna.k31.zip,ca00d6825ab958a4451285bec646a754,0.03409621672115834,70000,231,11200000,,SRS054956.tar.bz2,a6e7380d,628719000
282000,0.00044853106077595876,0.028930817610062894,0.00010974696167922394,0.00010974696167922394,,,,"GCA_900544435.1 uncultured Erysipelotrichaceae bacterium, UMGS673",/mnt/HDD/kia/HMP_reference/gtdb-rs207.genomic-reps.dna.k31.zip,15f8a95bbfa4c8eaf395944467503c18,0.11823899371069183,69000,232,11131000,,SRS054956.tar.bz2,a6e7380d,628719000
114000,0.0001813210671221961,0.02411807055435565,0.00010656589032620296,0.00010656589032620296,,,,"GCF_001486165.1 Bittarella massiliensis strain=GD6, Bittarella massiliensis",/mnt/HDD/kia/HMP_reference/gtdb-rs207.genomic-reps.dna.k31.zip,cf0859915d3c8a95958e7215f877ca0f,0.04103671706263499,67000,233,11064000,,SRS054956.tar.bz2,a6e7380d,628719000
257000,0.0004087676688631964,0.02498107494322483,0.00010497535464969247,0.00010497535464969247,,,,"GCA_900540595.1 uncultured Ruminococcaceae bacterium, UMGS262",/mnt/HDD/kia/HMP_reference/gtdb-rs207.genomic-reps.dna.k31.zip,5055b6e366ca93dd1ce8d6d877b8501f,0.09727479182437547,66000,234,10998000,,SRS054956.tar.bz2,a6e7380d,628719000
75000,0.0001192901757382869,0.018912529550827423,0.00010179428329667149,0.00010179428329667149,,,,"GCA_018711005.1 Candidatus Scybalocola faecigallinarum, ASM1871100v1",/mnt/HDD/kia/HMP_reference/gtdb-rs207.genomic-reps.dna.k31.zip,f7257f1d5a54cee1bf90ef9117cb2d1e,0.022163120567375887,64000,235,10934000,,SRS054956.tar.bz2,a6e7380d,628719000
634000,0.001008399618907652,0.021828103683492497,0.00010179428329667149,0.00010179428329667149,,,,"GCF_002550035.1 Faecalibacterium prausnitzii strain=AHMP21, ASM255003v1",/mnt/HDD/kia/HMP_reference/gtdb-rs207.genomic-reps.dna.k31.zip,7011fbd60973c32f0d406af04c61c09d,0.21623465211459755,64000,236,10870000,,SRS054956.tar.bz2,a6e7380d,628719000
117000,0.00018609267415172756,0.022260869565217393,0.00010179428329667149,0.00010179428329667149,,,,"GCF_900120295.1 Blautia sp. Marseille-P3201T strain=Marseille-P3201, PRJEB18018",/mnt/HDD/kia/HMP_reference/gtdb-rs207.genomic-reps.dna.k31.zip,926030f62e932da1a03d448b08faf359,0.04069565217391304,64000,237,10806000,,SRS054956.tar.bz2,a6e7380d,628719000
208000,0.0003308314207141823,0.030447193149381543,0.00010179428329667149,0.00010179428329667149,,,,"GCA_002320515.1 Dialister sp. UBA1703, ASM232051v1",/mnt/HDD/kia/HMP_reference/gtdb-rs207.genomic-reps.dna.k31.zip,4b50db8701e9f825ea56b2836da3a0ab,0.09895337773549001,64000,238,10742000,,SRS054956.tar.bz2,a6e7380d,628719000
247000,0.0003928623120980915,0.007797029702970297,0.000100203747620161,0.000100203747620161,,,,"GCA_900761785.1 uncultured Bacteroides sp., SRS098827_17",/mnt/HDD/kia/HMP_reference/gtdb-rs207.genomic-reps.dna.k31.zip,6672ed00a5e62028f3d25099a8b409db,0.03056930693069307,63000,239,10679000,,SRS054956.tar.bz2,a6e7380d,628719000
65000,0.00010338481897318198,0.021341463414634148,0.000100203747620161,0.000100203747620161,,,,"GCA_904395885.1 uncultured Lachnospiraceae bacterium, Coassembly_mag_301",/mnt/HDD/kia/HMP_reference/gtdb-rs207.genomic-reps.dna.k31.zip,9561ae4047627e0ba64886a6f68eb8ce,0.022018970189701895,63000,240,10616000,,SRS054956.tar.bz2,a6e7380d,628719000
728000,0.001157909972499638,0.01257606490872211,9.86132119436505e-05,9.86132119436505e-05,,,,"GCF_005843885.1 Escherichia sp. E4742 strain=E4742, ASM584388v1",/mnt/HDD/kia/HMP_reference/gtdb-rs207.genomic-reps.dna.k31.zip,508fc5149090b0f21b10913fa9e34604,0.14766734279918864,62000,241,10554000,,SRS054956.tar.bz2,a6e7380d,628719000
61000,9.702267626714e-05,0.011876947040498442,9.702267626714e-05,9.702267626714e-05,,,,"GCF_003096415.1 Victivallis vadensis strain=DSM 14823, ASM309641v1",/mnt/HDD/kia/HMP_reference/gtdb-rs207.genomic-reps.dna.k31.zip,8e0a7d74bbe4d1ab66891863c076ae96,0.011876947040498442,61000,242,10493000,,SRS054956.tar.bz2,a6e7380d,628719000
438000,0.0006966546263115955,0.016167505963424332,9.702267626714e-05,9.702267626714e-05,,,,"GCF_900199495.1 Clostridium sp. SN20 strain=SN20, PRJEB21862",/mnt/HDD/kia/HMP_reference/gtdb-rs207.genomic-reps.dna.k31.zip,4329d6854212c2985c9f76497f327156,0.11608799363901405,61000,243,10432000,,SRS054956.tar.bz2,a6e7380d,628719000
165000,0.00026243838662423115,0.013232104121475054,9.702267626714e-05,9.702267626714e-05,,,,"GCF_012317185.1 [Clostridium] innocuum strain=ATCC 14501, ASM1231718v1",/mnt/HDD/kia/HMP_reference/gtdb-rs207.genomic-reps.dna.k31.zip,73636d352ef5bf1c92887ac5c9e713c2,0.03579175704989154,61000,244,10371000,,SRS054956.tar.bz2,a6e7380d,628719000
63000,0.000100203747620161,0.034269662921348316,9.702267626714e-05,9.702267626714e-05,,,,"GCA_001189495.1 Eubacterium sulci ATCC 35585 strain=ATCC 35585, ASM118949v1",/mnt/HDD/kia/HMP_reference/gtdb-rs207.genomic-reps.dna.k31.zip,6859e06ffb2c3681733d6d7fb937586c,0.03539325842696629,61000,245,10310000,,SRS054956.tar.bz2,a6e7380d,628719000
570000,0.0009066053356109804,0.029658922392486405,9.543214059062951e-05,9.543214059062951e-05,,,,"GCA_905215855.1 uncultured bacterium, SRR413702-mag-bin.4",/mnt/HDD/kia/HMP_reference/gtdb-rs207.genomic-reps.dna.k31.zip,67ff6aa4aefa5332d75476550be7a291,0.28175976272862086,60000,246,10250000,,SRS054956.tar.bz2,a6e7380d,628719000
199000,0.00031651659962558793,0.021643433602347762,9.384160491411902e-05,9.384160491411902e-05,,,,"GCF_900312975.1 Massilistercora timonensis strain=Marseille-P3756, PRJEB24953",/mnt/HDD/kia/HMP_reference/gtdb-rs207.genomic-reps.dna.k31.zip,8dc0a844d357af3a1447b5c2afe10332,0.07300073367571533,59000,247,10191000,,SRS054956.tar.bz2,a6e7380d,628719000
173000,0.0002751626720363151,0.024831649831649833,9.384160491411902e-05,9.384160491411902e-05,,,,"GCA_018369555.1 [Clostridium] spiroforme, ASM1836955v1",/mnt/HDD/kia/HMP_reference/gtdb-rs207.genomic-reps.dna.k31.zip,2b9c9159422be9fadc433f24ab51126b,0.07281144781144781,59000,248,10132000,,SRS054956.tar.bz2,a6e7380d,628719000
281000,0.00044694052509944824,0.023037875829754,9.384160491411902e-05,9.384160491411902e-05,,,,"GCA_900764755.1 uncultured Oscillospiraceae bacterium, SRS255236_17",/mnt/HDD/kia/HMP_reference/gtdb-rs207.genomic-reps.dna.k31.zip,110e481e789ddb1b0abf59ef5bacf743,0.10972276454509958,59000,249,10073000,,SRS054956.tar.bz2,a6e7380d,628719000
577000,0.0009177390853465538,0.04294032023289665,9.384160491411902e-05,9.384160491411902e-05,,,,"GCA_902373455.1 uncultured Streptococcus sp., MGYG-HGUT-01274",/mnt/HDD/kia/HMP_reference/gtdb-rs207.genomic-reps.dna.k31.zip,c15fa2115857ecb8fd9ff229bb35129a,0.41994177583697234,59000,250,10014000,,SRS054956.tar.bz2,a6e7380d,628719000
1047000,0.0016652908533064852,0.021261261261261263,9.384160491411902e-05,9.384160491411902e-05,,,,"GCF_003458705.1 Eubacterium sp. AF22-9 strain=AF22-9, ASM345870v1",/mnt/HDD/kia/HMP_reference/gtdb-rs207.genomic-reps.dna.k31.zip,1c86d14b5e74b8fcf07a707c63c50911,0.3772972972972973,59000,251,9955000,,SRS054956.tar.bz2,a6e7380d,628719000
953000,0.001515780499714499,0.028626880155264434,9.384160491411902e-05,9.384160491411902e-05,,,,"GCF_001679485.1 Haemophilus sp. CCUG 60358 strain=CCUG 60358, ASM167948v1",/mnt/HDD/kia/HMP_reference/gtdb-rs207.genomic-reps.dna.k31.zip,b62e96270f704e462d52d4757cb76ced,0.4623968947113052,59000,252,9896000,,SRS054956.tar.bz2,a6e7380d,628719000
268000,0.00042626356130481184,0.009708737864077669,9.225106923760853e-05,9.225106923760853e-05,,,,"GCF_900106755.1 Bacteroides faecis MAJ27 strain=MAJ27, IMG-taxon 2693429916 annotated assembly",/mnt/HDD/kia/HMP_reference/gtdb-rs207.genomic-reps.dna.k31.zip,723b884481420dddcbc68522388758ed,0.044861064613324404,58000,253,9838000,,SRS054956.tar.bz2,a6e7380d,628719000
240000,0.00038172856236251806,0.020393811533052038,9.225106923760853e-05,9.225106923760853e-05,,,,"GCA_900771995.1 Lachnospiraceae bacterium, SRS820611_23",/mnt/HDD/kia/HMP_reference/gtdb-rs207.genomic-reps.dna.k31.zip,e29db89236f17cf129eb47de11050d10,0.08438818565400844,58000,254,9780000,,SRS054956.tar.bz2,a6e7380d,628719000
147000,0.00023380874444704232,0.026861451460885956,9.066053356109804e-05,9.066053356109804e-05,,,,"GCF_002005545.1 Streptococcus mitis strain=321A, ASM200554v1",/mnt/HDD/kia/HMP_reference/gtdb-rs207.genomic-reps.dna.k31.zip,e3ab80647e9a895b8f2118caf2372c64,0.06927426955702168,57000,255,9723000,,SRS054956.tar.bz2,a6e7380d,628719000
282000,0.00044853106077595876,0.01632769979948439,9.066053356109804e-05,9.066053356109804e-05,,,,"GCF_002159845.1 Anaeromassilibacillus sp. An250 strain=An250, ASM215984v1",/mnt/HDD/kia/HMP_reference/gtdb-rs207.genomic-reps.dna.k31.zip,6c2fd7f70466fec71d58f02498e9d85a,0.08077914637639645,57000,256,9666000,,SRS054956.tar.bz2,a6e7380d,628719000
393000,0.0006250805208686234,0.023509655751469353,8.906999788458755e-05,8.906999788458755e-05,,,,"GCA_900539945.1 uncultured Faecalibacterium sp., UMGS183",/mnt/HDD/kia/HMP_reference/gtdb-rs207.genomic-reps.dna.k31.zip,6327a0248cad78e44bcb1621925d80af,0.16498740554156172,56000,257,9610000,,SRS054956.tar.bz2,a6e7380d,628719000
253000,0.00040240552615715446,0.015721504772599662,8.906999788458755e-05,8.906999788458755e-05,,,,"GCA_900755895.1 Clostridia bacterium, ERS473283_28",/mnt/HDD/kia/HMP_reference/gtdb-rs207.genomic-reps.dna.k31.zip,4e7a4a036f138a42686882706b03d2e2,0.07102751263335205,56000,258,9554000,,SRS054956.tar.bz2,a6e7380d,628719000
153000,0.00024335195850610526,0.019434628975265017,8.747946220807706e-05,8.747946220807706e-05,,,,"GCF_000478885.1 Adlercreutzia equolifaciens DSM 19450 strain=DSM 19450, ASM47888v1",/mnt/HDD/kia/HMP_reference/gtdb-rs207.genomic-reps.dna.k31.zip,02b170c1c65259d332d2411d92d0f08f,0.054063604240282684,55000,259,9499000,,SRS054956.tar.bz2,a6e7380d,628719000
279000,0.00044375945374642726,0.02268041237113402,8.747946220807706e-05,8.747946220807706e-05,,,,"GCA_003447295.1 Lachnospiraceae bacterium, ASM344729v1",/mnt/HDD/kia/HMP_reference/gtdb-rs207.genomic-reps.dna.k31.zip,f6429d724d5b86af3c741638eedd8b73,0.11505154639175258,55000,260,9444000,,SRS054956.tar.bz2,a6e7380d,628719000
331000,0.0005264673089249728,0.026290630975143402,8.747946220807706e-05,8.747946220807706e-05,,,,"GCF_002959895.1 Veillonella infantium strain=T11011-4, ASM295989v1",/mnt/HDD/kia/HMP_reference/gtdb-rs207.genomic-reps.dna.k31.zip,1ba2fc440ef0c0e3733e6a63933df9c5,0.15822179732313577,55000,261,9389000,,SRS054956.tar.bz2,a6e7380d,628719000
516000,0.0008207164090794139,0.014876927238301325,8.747946220807706e-05,8.747946220807706e-05,,,,"GCF_000210015.1 Blautia obeum A2-162 strain=A2-162, ASM21001v1",/mnt/HDD/kia/HMP_reference/gtdb-rs207.genomic-reps.dna.k31.zip,6f351faff0bbc09512221a953fad4daf,0.13957262645388152,55000,262,9334000,,SRS054956.tar.bz2,a6e7380d,628719000
179000,0.00028470588609537807,0.015424164524421594,8.588892653156657e-05,8.588892653156657e-05,,,,"GCA_900548855.1 uncultured Clostridiales bacterium, UMGS1135",/mnt/HDD/kia/HMP_reference/gtdb-rs207.genomic-reps.dna.k31.zip,73c94b2c4eb0b6d06fa634bac177253d,0.051128249071693804,54000,263,9280000,,SRS054956.tar.bz2,a6e7380d,628719000
79000,0.00012565231844432887,0.014962593516209476,8.588892653156657e-05,8.588892653156657e-05,,,,"GCF_900048895.1 Neglecta timonensis strain=SN17, PRJEB12697",/mnt/HDD/kia/HMP_reference/gtdb-rs207.genomic-reps.dna.k31.zip,aa9e1cae8cdb9ffad29d5e57edbea378,0.021889720144084236,54000,264,9226000,,SRS054956.tar.bz2,a6e7380d,628719000
947000,0.0015062372856554358,0.026150121065375304,8.588892653156657e-05,8.588892653156657e-05,,,,"GCF_001073155.1 Streptococcus parasanguinis strain=512_SPAR, ASM107315v1",/mnt/HDD/kia/HMP_reference/gtdb-rs207.genomic-reps.dna.k31.zip,9630f7633372e1686a36cdb947c1b8a2,0.4585956416464891,54000,265,9172000,,SRS054956.tar.bz2,a6e7380d,628719000
903000,0.0014362537158889742,0.02551521099116781,8.270785517854558e-05,8.270785517854558e-05,,,,"GCF_000210895.1 Haemophilus parainfluenzae T3T1 strain=T3T1, ASM21089v1",/mnt/HDD/kia/HMP_reference/gtdb-rs207.genomic-reps.dna.k31.zip,364e7e1727f57ba63e8216dbea229ae5,0.44308145240431795,52000,266,9120000,,SRS054956.tar.bz2,a6e7380d,628719000
361000,0.0005741833792202876,0.021207177814029365,8.270785517854558e-05,8.270785517854558e-05,,,,"GCA_002474415.1 Lachnospiraceae bacterium UBA7598, ASM247441v1",/mnt/HDD/kia/HMP_reference/gtdb-rs207.genomic-reps.dna.k31.zip,28c3e2e5f4279d6d083ab85ab55e37f0,0.14722675367047308,52000,267,9068000,,SRS054956.tar.bz2,a6e7380d,628719000
494000,0.000785724624196183,0.01121172919361794,8.270785517854558e-05,8.270785517854558e-05,,,,"GCF_003460605.1 Ruminococcus sp. AF31-8BH strain=AF31-8BH, ASM346060v1",/mnt/HDD/kia/HMP_reference/gtdb-rs207.genomic-reps.dna.k31.zip,17b16c7db81a11816f0b7b13503fecb8,0.10651142733937041,52000,268,9016000,,SRS054956.tar.bz2,a6e7380d,628719000
92000,0.00014632928223896527,0.01493411420204978,8.111731950203509e-05,8.111731950203509e-05,,,,"GCF_014323405.1 Romboutsia hominis strain=NSJ-18, ASM1432340v1",/mnt/HDD/kia/HMP_reference/gtdb-rs207.genomic-reps.dna.k31.zip,6bd3d98b988333d170c98fff2567644a,0.026939970717423132,51000,269,8965000,,SRS054956.tar.bz2,a6e7380d,628719000
62000,9.86132119436505e-05,0.021074380165289255,8.111731950203509e-05,8.111731950203509e-05,,,,"GCA_900543485.1 uncultured Eubacterium sp., UMGS574",/mnt/HDD/kia/HMP_reference/gtdb-rs207.genomic-reps.dna.k31.zip,86a3c39ca09a49f39dc804ec3ec7d122,0.0256198347107438,51000,270,8914000,,SRS054956.tar.bz2,a6e7380d,628719000
306000,0.00048670391701221053,0.026673640167364017,8.111731950203509e-05,8.111731950203509e-05,,,,"GCA_905215045.1 uncultured bacterium, ERR1600571-mag-bin.33",/mnt/HDD/kia/HMP_reference/gtdb-rs207.genomic-reps.dna.k31.zip,92b19d619bec44211e0cd1149887d856,0.1600418410041841,51000,271,8863000,,SRS054956.tar.bz2,a6e7380d,628719000
298000,0.0004739796316001266,0.014190317195325543,8.111731950203509e-05,8.111731950203509e-05,,,,"GCF_000210575.1 Alistipes shahii WAL 8301 strain=WAL 8301, ASM21057v1",/mnt/HDD/kia/HMP_reference/gtdb-rs207.genomic-reps.dna.k31.zip,f60fb0b483556302bfa50a16a12cba0b,0.08291597106288258,51000,272,8812000,,SRS054956.tar.bz2,a6e7380d,628719000
736000,0.0011706342579117222,0.020070838252656435,8.111731950203509e-05,8.111731950203509e-05,,,,"GCA_900772565.1 uncultured Faecalibacterium sp., SRS820629_35",/mnt/HDD/kia/HMP_reference/gtdb-rs207.genomic-reps.dna.k31.zip,7d2e0791810def6d2d078790ae2e1140,0.28964974419519873,51000,273,8761000,,SRS054956.tar.bz2,a6e7380d,628719000
992000,0.001577811391098408,0.024,8.111731950203509e-05,8.111731950203509e-05,,,,"GCF_000963275.1 Streptococcus parasanguinis strain=MGH413, ASM96327v1",/mnt/HDD/kia/HMP_reference/gtdb-rs207.genomic-reps.dna.k31.zip,c70c057dced6059abe5194c68893395c,0.4668235294117647,51000,274,8710000,,SRS054956.tar.bz2,a6e7380d,628719000
51000,8.111731950203509e-05,0.02937720329024677,7.95267838255246e-05,7.95267838255246e-05,,,,"GCA_015256455.1 Solobacterium sp., ASM1525645v1",/mnt/HDD/kia/HMP_reference/gtdb-rs207.genomic-reps.dna.k31.zip,44418657d27a32aca2c3d906aaf098ad,0.029964747356051705,50000,275,8660000,,SRS054956.tar.bz2,a6e7380d,628719000
266000,0.00042308248995179086,0.010111223458038422,7.95267838255246e-05,7.95267838255246e-05,,,,"GCA_000613385.1 Bacteroides acidifaciens JCM 10556 strain=JCM 10556, ASM61338v1",/mnt/HDD/kia/HMP_reference/gtdb-rs207.genomic-reps.dna.k31.zip,8856d3c2763c8137d4e6e714be65cfe4,0.053791708796764405,50000,276,8610000,,SRS054956.tar.bz2,a6e7380d,628719000
628000,0.000998856404848589,0.011394712853236098,7.95267838255246e-05,7.95267838255246e-05,,,,"GCF_011881725.1 Escherichia coli strain=SCPM-O-B-8794, ASM1188172v1",/mnt/HDD/kia/HMP_reference/gtdb-rs207.genomic-reps.dna.k31.zip,25b34dd87c6b4bbf7d36e3fcfbbf0b67,0.1431175934366454,50000,277,8560000,,SRS054956.tar.bz2,a6e7380d,628719000
